timestamp_ms,ax,ay,az,gx,gy,gz,label
1040,2.37,-3.59,9.97,0.13,0.04,0.26,stairs
1060,2.07,-3.38,9.36,0.15,0.04,0.29,stairs
1080,2.22,-3.63,10.10,0.20,0.06,0.32,stairs
1100,1.80,-3.44,10.34,0.19,0.00,0.36,stairs
1120,1.69,-3.53,10.38,0.16,-0.11,0.41,stairs
1140,2.25,-3.48,9.54,0.04,-0.28,0.58,stairs
1160,2.64,-5.01,9.94,0.11,-0.11,0.57,stairs
1180,2.33,-4.71,10.13,0.20,-0.07,0.57,stairs
1200,2.28,-4.31,9.57,0.29,-0.06,0.55,stairs
1220,1.84,-3.70,9.50,0.17,-0.12,0.44,stairs
1240,1.68,-3.70,9.63,0.03,-0.16,0.43,stairs
1260,1.85,-4.67,9.61,0.03,-0.18,0.45,stairs
1280,1.72,-4.88,9.64,0.11,-0.21,0.48,stairs
1300,1.63,-4.81,9.33,0.16,-0.20,0.50,stairs
1320,1.24,-4.63,9.28,0.10,-0.23,0.49,stairs
1340,1.51,-4.85,9.07,0.07,-0.25,0.50,stairs
1360,1.59,-5.31,9.17,0.14,-0.23,0.45,stairs
1380,1.18,-5.05,9.20,0.24,-0.21,0.45,stairs
1400,0.89,-4.87,8.92,0.26,-0.24,0.46,stairs
1420,0.74,-4.72,8.69,0.19,-0.27,0.45,stairs
1440,0.80,-4.90,8.60,0.09,-0.28,0.46,stairs
1460,0.79,-5.15,8.71,0.06,-0.23,0.47,stairs
1480,0.72,-4.95,8.90,0.10,-0.18,0.51,stairs
1500,0.84,-4.71,8.90,0.08,-0.15,0.57,stairs
1520,0.91,-4.40,9.05,0.10,-0.11,0.57,stairs
1540,1.08,-4.27,9.11,0.03,-0.13,0.51,stairs
1560,1.26,-4.35,9.09,0.04,-0.16,0.44,stairs
1580,1.41,-4.15,8.76,0.08,-0.16,0.39,stairs
1600,1.49,-3.82,8.60,0.07,-0.21,0.36,stairs
1620,1.58,-3.50,8.59,0.00,-0.22,0.35,stairs
1640,1.49,-3.56,8.82,-0.08,-0.19,0.37,stairs
1660,1.66,-4.16,8.82,-0.10,-0.18,0.37,stairs
1680,1.71,-4.38,8.85,0.03,-0.15,0.34,stairs
1700,1.48,-3.85,8.98,0.02,-0.12,0.31,stairs
1720,1.47,-3.94,9.01,-0.03,-0.10,0.31,stairs
1740,1.37,-4.05,9.07,-0.06,-0.06,0.29,stairs
1760,1.27,-4.43,9.12,-0.07,-0.07,0.29,stairs
1780,1.32,-4.24,9.03,0.10,-0.08,0.24,stairs
1800,1.47,-4.02,8.99,0.02,-0.16,0.21,stairs
1820,0.98,-3.45,9.26,-0.02,-0.22,0.40,stairs
1840,1.95,-4.40,9.05,0.07,-0.08,0.24,stairs
1860,1.63,-3.51,9.19,0.10,-0.13,0.13,stairs
1880,1.75,-3.51,9.20,0.04,-0.14,0.08,stairs
1900,1.57,-3.51,9.59,-0.06,-0.12,0.07,stairs
1920,1.74,-4.60,10.10,-0.07,-0.12,0.04,stairs
1940,1.47,-4.30,10.35,0.23,-0.09,0.11,stairs
1960,1.47,-3.71,10.08,0.29,-0.19,0.07,stairs
1980,1.64,-3.49,9.81,0.13,-0.26,-0.01,stairs
2000,1.75,-3.90,9.84,-0.02,-0.21,-0.09,stairs
2020,1.80,-4.62,10.25,0.03,-0.20,-0.12,stairs
2040,1.63,-4.24,10.07,0.10,-0.20,-0.12,stairs
2060,1.40,-4.24,10.10,-0.09,-0.20,-0.05,stairs
2080,1.81,-5.62,10.26,-0.21,-0.20,-0.05,stairs
2100,1.86,-6.09,10.15,0.07,-0.18,-0.11,stairs
2120,1.83,-4.92,9.62,0.26,-0.14,-0.14,stairs
2140,1.81,-3.80,9.28,0.18,-0.16,-0.10,stairs
2160,2.17,-3.80,8.98,-0.10,-0.10,-0.11,stairs
2180,2.03,-5.21,9.64,-0.27,0.01,-0.13,stairs
2200,1.99,-6.30,10.10,-0.15,0.07,-0.13,stairs
2220,1.87,-6.43,10.12,0.04,0.05,-0.10,stairs
2240,1.96,-5.82,9.23,0.12,-0.04,-0.09,stairs
2260,1.68,-4.92,8.48,0.26,0.02,-0.02,stairs
2280,1.93,-5.11,7.69,0.10,-0.06,-0.07,stairs
2300,1.99,-5.56,7.57,0.06,-0.13,-0.11,stairs
2320,2.23,-5.37,7.50,0.04,-0.15,-0.08,stairs
2340,2.27,-5.45,7.70,0.03,-0.08,0.05,stairs
2360,2.30,-5.52,7.75,-0.04,-0.02,0.12,stairs
2380,2.26,-5.65,8.01,-0.05,0.08,0.18,stairs
2400,2.08,-5.38,8.32,0.07,0.12,0.24,stairs
2420,1.87,-4.50,8.21,0.12,0.12,0.27,stairs
2440,1.80,-4.16,8.15,0.05,0.07,0.27,stairs
2460,1.58,-4.15,8.45,-0.06,0.06,0.20,stairs
2480,1.89,-4.83,8.67,-0.06,-0.01,0.19,stairs
2500,2.14,-4.79,8.74,-0.05,-0.06,0.23,stairs
2520,2.28,-4.53,8.82,-0.00,-0.02,0.26,stairs
2540,2.25,-4.14,8.76,-0.02,-0.00,0.36,stairs
2560,2.24,-4.60,8.85,-0.11,-0.02,0.38,stairs
2580,2.18,-4.89,9.04,-0.03,-0.02,0.39,stairs
2600,2.09,-4.84,9.06,-0.00,-0.05,0.41,stairs
2620,2.00,-4.93,9.07,0.01,-0.07,0.41,stairs
2640,1.91,-5.06,8.98,0.00,-0.09,0.39,stairs
2660,1.89,-5.28,8.99,0.05,-0.08,0.39,stairs
2680,1.97,-5.57,9.13,0.12,-0.08,0.40,stairs
2700,1.92,-5.15,9.01,0.19,-0.10,0.37,stairs
2720,1.82,-4.55,8.88,0.15,-0.13,0.41,stairs
2740,1.75,-4.80,8.99,-0.03,-0.18,0.40,stairs
2760,1.74,-5.82,9.40,-0.00,-0.12,0.38,stairs
2780,1.43,-5.45,9.43,0.15,-0.12,0.42,stairs
2800,1.43,-5.31,9.25,0.11,-0.14,0.45,stairs
2820,1.32,-5.26,9.11,0.11,-0.02,0.47,stairs
2840,1.43,-5.95,9.12,0.06,0.01,0.45,stairs
2860,1.45,-6.34,9.28,0.12,-0.01,0.37,stairs
2880,1.40,-6.08,9.03,0.23,-0.06,0.30,stairs
2900,1.40,-5.73,8.58,0.32,-0.10,0.24,stairs
2920,1.09,-5.03,8.18,0.24,-0.16,0.18,stairs
2940,0.89,-5.06,8.26,0.12,-0.19,0.11,stairs
2960,0.71,-4.96,8.38,0.06,-0.17,0.11,stairs
2980,0.89,-5.26,8.51,0.14,-0.16,0.17,stairs
3000,0.87,-4.58,8.29,0.25,-0.14,0.27,stairs
3020,0.68,-4.13,8.25,0.12,-0.15,0.31,stairs
3040,0.66,-4.04,8.45,-0.03,-0.09,0.30,stairs
3060,0.76,-4.65,8.95,-0.10,-0.01,0.29,stairs
3080,0.82,-4.87,9.25,-0.05,0.02,0.28,stairs
3100,0.77,-4.73,9.33,-0.05,0.03,0.22,stairs
3120,0.55,-4.50,9.69,0.02,0.05,0.20,stairs
3140,0.88,-4.70,9.57,-0.03,-0.01,0.16,stairs
3160,0.74,-4.33,9.35,-0.04,-0.05,0.10,stairs
3180,0.79,-4.29,9.01,-0.11,-0.12,0.12,stairs
3200,0.84,-4.99,9.29,-0.15,-0.11,0.11,stairs
3220,1.00,-5.01,9.40,-0.06,-0.01,0.06,stairs
3240,0.81,-4.78,9.56,0.03,-0.00,0.16,stairs
3260,0.98,-4.66,9.36,0.07,-0.01,0.19,stairs
3280,0.97,-4.31,9.26,0.10,0.02,0.16,stairs
3300,1.04,-4.24,9.10,0.05,0.01,0.12,stairs
3320,1.04,-4.61,9.16,0.10,0.03,0.07,stairs
3340,1.02,-4.15,8.94,0.16,0.03,0.07,stairs
3360,0.97,-3.95,8.81,0.13,0.00,0.08,stairs
3380,1.02,-3.93,8.70,0.05,-0.02,0.06,stairs
3400,1.06,-4.00,8.69,-0.03,-0.05,0.07,stairs
3420,0.86,-3.92,8.82,-0.06,-0.07,0.10,stairs
3440,0.97,-4.27,9.04,-0.07,-0.06,0.08,stairs
3460,0.85,-4.19,9.18,-0.01,-0.03,0.08,stairs
3480,0.60,-3.58,9.18,-0.07,-0.04,0.11,stairs
3500,0.63,-3.78,9.30,-0.18,-0.05,0.12,stairs
3520,0.72,-4.28,9.67,-0.25,-0.05,0.08,stairs
3540,0.81,-4.64,10.09,-0.13,-0.04,0.07,stairs
3560,0.85,-4.12,10.11,0.03,-0.05,0.15,stairs
3580,0.83,-3.69,9.98,0.06,-0.09,0.16,stairs
3600,1.23,-4.02,9.78,-0.07,-0.16,0.12,stairs
3620,1.22,-4.78,10.18,-0.08,-0.16,0.03,stairs
3640,1.28,-4.79,10.46,0.08,-0.14,0.01,stairs
3660,1.22,-4.98,10.69,0.17,-0.15,0.06,stairs
3680,0.80,-4.66,10.52,0.19,-0.19,0.09,stairs
3700,1.03,-5.59,10.41,0.12,-0.27,0.01,stairs
3720,1.15,-5.49,10.06,0.20,-0.24,-0.03,stairs
3740,1.24,-5.28,9.78,0.15,-0.21,0.01,stairs
3760,1.39,-5.33,9.89,0.07,-0.17,0.01,stairs
3780,1.72,-5.65,9.91,-0.03,-0.15,-0.05,stairs
3800,1.93,-5.73,9.80,-0.15,-0.17,-0.15,stairs
3820,1.85,-5.61,9.81,-0.18,-0.17,-0.20,stairs
3840,2.21,-5.70,9.55,-0.29,-0.19,-0.23,stairs
3860,2.20,-5.92,9.63,-0.30,-0.14,-0.26,stairs
3880,2.30,-6.09,9.46,-0.20,-0.12,-0.27,stairs
3900,2.12,-5.77,9.21,-0.10,-0.10,-0.26,stairs
3920,2.07,-5.63,9.01,-0.14,-0.11,-0.25,stairs
3940,2.30,-5.92,8.70,-0.19,-0.10,-0.29,stairs
3960,2.53,-6.45,8.52,-0.24,-0.10,-0.34,stairs
3980,2.24,-6.28,8.62,-0.12,-0.03,-0.41,stairs
4000,2.32,-6.11,8.38,-0.07,-0.03,-0.32,stairs
4020,2.37,-5.87,8.13,-0.02,-0.02,-0.30,stairs
4040,2.45,-5.51,7.87,-0.06,-0.01,-0.34,stairs
4060,2.66,-5.42,7.61,-0.15,0.05,-0.39,stairs
4080,2.71,-6.04,7.68,-0.22,0.03,-0.47,stairs
4100,2.38,-5.44,7.66,0.15,0.05,-0.30,stairs
4120,2.58,-4.90,7.43,0.13,0.03,-0.22,stairs
4140,2.74,-4.62,7.29,0.14,0.10,-0.26,stairs
4160,2.61,-4.42,7.30,0.03,0.12,-0.31,stairs
4180,2.56,-5.08,7.64,0.05,0.13,-0.32,stairs
4200,2.51,-4.88,7.73,0.08,0.18,-0.31,stairs
4220,2.49,-4.84,7.90,0.06,0.22,-0.27,stairs
4240,2.32,-4.60,7.94,0.03,0.24,-0.26,stairs
4260,2.29,-4.63,7.94,-0.04,0.23,-0.28,stairs
4280,2.30,-4.96,8.02,0.02,0.25,-0.29,stairs
4300,2.21,-4.77,7.97,0.08,0.25,-0.25,stairs
4320,2.21,-4.87,8.14,0.12,0.27,-0.21,stairs
4340,2.08,-4.68,8.26,0.12,0.29,-0.20,stairs
4360,2.13,-4.56,8.28,-0.01,0.22,-0.20,stairs
4380,1.89,-4.27,8.40,0.06,0.24,-0.14,stairs
4400,2.17,-4.45,8.24,-0.01,0.24,-0.12,stairs
4420,2.10,-4.47,8.39,-0.08,0.27,-0.10,stairs
4440,2.04,-5.28,8.88,0.05,0.30,-0.07,stairs
4460,2.09,-4.30,8.68,0.12,0.26,-0.03,stairs
4480,2.05,-4.04,8.65,0.04,0.21,-0.02,stairs
4500,2.15,-4.09,8.53,-0.07,0.22,-0.07,stairs
4520,2.26,-4.88,9.01,-0.07,0.24,-0.07,stairs
4540,2.18,-5.04,9.42,0.07,0.26,-0.02,stairs
4560,2.04,-4.70,9.42,0.15,0.23,0.03,stairs
4580,1.95,-4.33,9.24,0.06,0.17,0.04,stairs
4600,1.88,-4.72,9.21,-0.03,0.19,0.05,stairs
4620,1.79,-5.73,9.71,-0.05,0.19,0.04,stairs
4640,1.69,-5.83,10.06,0.20,0.23,0.10,stairs
4660,1.46,-5.64,10.41,0.30,0.16,0.09,stairs
4680,1.40,-4.00,9.31,0.25,0.09,0.12,stairs
4700,1.75,-5.20,9.37,-0.09,0.04,0.10,stairs
4720,1.96,-6.33,9.51,-0.12,0.09,0.14,stairs
4740,1.32,-5.87,10.48,-0.00,0.14,0.22,stairs
4760,1.63,-5.80,10.17,-0.16,0.03,0.25,stairs
4780,1.35,-5.62,10.07,-0.27,0.07,0.28,stairs
4800,1.12,-6.14,10.11,-0.32,0.10,0.25,stairs
4820,1.14,-6.61,9.77,-0.22,0.04,0.16,stairs
4840,0.81,-6.04,9.39,-0.11,-0.00,0.13,stairs
4860,0.88,-5.98,9.01,-0.09,-0.09,0.10,stairs
4880,0.75,-5.80,8.61,-0.07,-0.10,0.06,stairs
4900,0.79,-6.18,8.45,-0.11,-0.14,0.01,stairs
4920,0.48,-6.13,8.61,-0.02,-0.15,0.01,stairs
4940,0.40,-6.05,8.63,0.07,-0.13,0.06,stairs
4960,0.37,-5.77,8.47,0.10,-0.15,0.09,stairs
4980,0.22,-5.41,8.15,0.03,-0.17,0.11,stairs
5000,0.20,-5.45,7.90,-0.07,-0.20,0.12,stairs
5020,0.39,-5.62,7.84,-0.12,-0.20,0.10,stairs
5040,0.14,-5.12,8.04,-0.22,-0.18,0.15,stairs
5060,0.74,-6.07,7.94,-0.10,-0.13,0.07,stairs
5080,0.25,-5.31,8.11,0.06,-0.02,0.04,stairs
5100,0.19,-4.87,8.29,0.04,-0.07,0.08,stairs
5120,0.56,-4.68,8.25,0.00,-0.08,0.10,stairs
5140,0.85,-4.92,8.44,0.03,-0.09,0.13,stairs
5160,1.11,-4.85,8.43,0.19,-0.04,0.11,stairs
5180,0.94,-4.49,8.44,0.28,-0.01,0.17,stairs
5200,0.87,-4.27,8.39,0.22,-0.03,0.19,stairs
5220,0.93,-4.37,8.45,0.18,-0.02,0.19,stairs
5240,0.86,-4.51,8.47,0.17,-0.03,0.20,stairs
5260,0.68,-4.46,8.45,0.16,-0.03,0.21,stairs
5280,0.67,-4.47,8.32,0.15,-0.02,0.21,stairs
5300,0.59,-4.41,8.33,0.04,-0.04,0.23,stairs
5320,0.26,-4.53,8.94,-0.10,-0.02,0.25,stairs
5340,0.87,-5.32,8.89,-0.03,-0.01,0.32,stairs
5360,0.88,-5.35,8.95,0.13,-0.04,0.26,stairs
5380,0.64,-4.60,9.02,0.26,-0.05,0.29,stairs
5400,0.77,-4.43,9.01,0.27,-0.11,0.32,stairs
5420,0.97,-4.53,8.96,0.29,-0.12,0.27,stairs
5440,0.99,-4.49,8.93,0.31,-0.20,0.20,stairs
5460,0.56,-4.01,9.07,0.36,-0.27,0.11,stairs
5480,1.23,-4.17,8.71,0.30,-0.29,0.18,stairs
5500,0.41,-4.06,9.17,0.29,-0.15,0.24,stairs
5520,1.54,-4.07,8.27,0.14,-0.32,0.14,stairs
5540,1.14,-3.86,8.78,0.08,-0.37,0.06,stairs
5560,1.32,-3.83,8.90,0.11,-0.32,0.03,stairs
5580,1.15,-3.92,9.22,0.15,-0.32,0.05,stairs
5600,1.06,-3.52,9.28,0.21,-0.28,0.08,stairs
5620,1.31,-4.01,9.29,0.12,-0.38,0.11,stairs
5640,1.59,-4.27,9.60,0.14,-0.49,-0.08,stairs
5660,2.03,-3.90,9.12,0.12,-0.48,-0.09,stairs
5680,1.97,-4.18,9.55,-0.07,-0.48,-0.19,stairs
5700,1.55,-5.20,11.09,-0.05,-0.51,-0.25,stairs
5720,1.98,-5.11,10.97,0.21,-0.52,-0.21,stairs
5740,2.32,-5.62,10.98,0.14,-0.72,-0.21,stairs
5760,1.07,-4.02,11.37,0.52,-0.45,0.00,stairs
5780,1.84,-4.71,9.79,0.26,-0.48,0.37,stairs
5800,2.04,-6.73,10.57,0.14,-0.52,0.08,stairs
5820,1.96,-5.49,10.72,-0.04,-0.50,-0.03,stairs
5840,2.49,-6.15,10.82,-0.11,-0.39,0.12,stairs
5860,2.66,-6.69,10.72,-0.03,-0.32,0.23,stairs
5880,3.03,-6.93,10.38,0.34,-0.01,0.24,stairs
5900,3.30,-6.22,9.74,0.66,-0.03,0.36,stairs
5920,3.45,-5.95,9.15,0.84,0.02,0.29,stairs
5940,3.28,-5.86,8.75,0.72,-0.06,0.10,stairs
5960,3.20,-5.58,8.31,0.47,0.01,-0.21,stairs
5980,2.57,-5.03,8.32,0.21,0.18,-0.47,stairs
6000,2.16,-4.73,8.56,-0.02,0.09,-0.46,stairs
6020,2.76,-5.83,8.47,-0.10,0.01,-0.41,stairs
6040,2.78,-6.21,8.61,0.11,0.07,-0.43,stairs
6060,2.29,-5.12,8.52,0.34,0.16,-0.41,stairs
6080,2.46,-4.17,7.95,0.48,0.22,-0.29,stairs
6100,2.70,-3.98,7.82,0.49,0.14,-0.25,stairs
6120,3.15,-4.07,7.62,0.37,0.02,-0.37,stairs
6140,3.08,-3.76,7.66,0.36,0.07,-0.46,stairs
6160,2.73,-3.19,7.84,0.35,0.12,-0.50,stairs
6180,2.49,-2.58,8.01,0.25,0.01,-0.46,stairs
6200,2.87,-2.70,7.91,0.05,-0.12,-0.40,stairs
6220,2.95,-3.46,8.28,-0.05,-0.12,-0.43,stairs
6240,3.20,-3.78,8.17,0.06,0.01,-0.41,stairs
6260,2.77,-3.16,8.43,0.21,0.14,-0.34,stairs
6280,2.62,-2.73,8.39,0.21,0.13,-0.26,stairs
6300,2.95,-2.93,8.34,0.07,0.06,-0.21,stairs
6320,3.14,-3.57,8.54,-0.01,0.04,-0.27,stairs
6340,3.11,-3.49,8.73,0.05,0.09,-0.30,stairs
6360,2.97,-3.34,8.82,0.09,0.10,-0.28,stairs
6380,2.87,-3.06,8.95,0.04,0.07,-0.27,stairs
6400,3.11,-3.14,8.82,-0.04,0.09,-0.29,stairs
6420,2.99,-3.35,9.12,-0.03,0.16,-0.33,stairs
6440,2.95,-3.15,9.23,0.05,0.20,-0.33,stairs
6460,3.03,-2.93,9.11,0.13,0.21,-0.26,stairs
6480,3.07,-2.77,9.02,0.14,0.25,-0.24,stairs
6500,2.92,-2.67,9.02,0.07,0.28,-0.21,stairs
6520,2.89,-2.82,9.18,0.04,0.31,-0.25,stairs
6540,2.82,-2.63,9.20,0.11,0.35,-0.20,stairs
6560,2.85,-2.37,9.11,0.04,0.27,-0.15,stairs
6580,3.08,-2.69,8.83,-0.12,0.24,-0.17,stairs
6600,2.90,-3.32,9.22,-0.15,0.31,-0.24,stairs
6620,2.31,-3.15,9.80,0.02,0.37,-0.23,stairs
6640,2.07,-2.59,9.78,-0.02,0.25,-0.08,stairs
6660,2.46,-3.21,9.83,-0.19,0.20,-0.02,stairs
6680,2.62,-4.23,10.24,-0.22,0.30,-0.13,stairs
6700,1.83,-4.52,11.20,0.01,0.45,-0.15,stairs
6720,1.31,-4.17,11.68,0.26,0.40,-0.10,stairs
6740,1.58,-2.67,10.18,0.13,0.19,0.00,stairs
6760,2.22,-3.23,10.24,-0.26,0.16,0.04,stairs
6780,2.24,-4.42,10.84,-0.40,0.28,0.06,stairs
6800,1.97,-4.86,11.26,-0.38,0.37,0.11,stairs
6820,1.70,-4.38,11.15,-0.38,0.41,0.15,stairs
6840,1.40,-4.20,11.03,-0.44,0.43,0.27,stairs
6860,1.13,-4.61,10.85,-0.44,0.39,0.39,stairs
6880,0.96,-4.72,10.54,-0.40,0.29,0.41,stairs
6900,0.95,-5.21,10.34,-0.30,0.19,0.37,stairs
6920,0.87,-4.90,9.92,-0.15,0.11,0.31,stairs
6940,0.92,-4.60,9.51,-0.18,0.03,0.22,stairs
6960,0.85,-4.72,9.34,-0.20,0.00,0.13,stairs
6980,0.58,-4.76,9.26,-0.06,0.08,0.18,stairs
7000,0.20,-4.75,9.24,0.02,0.05,0.23,stairs
7020,0.29,-4.70,9.08,0.01,-0.01,0.26,stairs
7040,0.39,-4.82,9.20,0.12,-0.07,0.28,stairs
7060,0.61,-4.18,8.73,0.23,-0.16,0.34,stairs
7080,0.55,-3.86,8.48,0.18,-0.24,0.29,stairs
7100,0.70,-3.86,8.29,0.09,-0.25,0.19,stairs
7120,0.77,-4.11,8.48,0.09,-0.23,0.09,stairs
7140,0.70,-3.70,8.48,0.23,-0.20,0.15,stairs
7160,0.93,-3.49,8.20,0.16,-0.23,0.15,stairs
7180,0.96,-3.83,8.34,0.06,-0.21,0.13,stairs
7200,0.86,-4.24,8.54,0.16,-0.12,0.13,stairs
7220,0.72,-3.60,8.70,0.23,-0.14,0.18,stairs
7240,1.02,-3.54,8.50,0.22,-0.15,0.27,stairs
7260,1.05,-3.67,8.55,0.08,-0.15,0.20,stairs
7280,0.88,-3.74,8.89,-0.00,-0.17,0.11,stairs
7300,0.90,-3.46,9.01,0.03,-0.19,0.11,stairs
7320,1.27,-3.64,9.04,-0.02,-0.29,0.13,stairs
7340,1.46,-3.58,9.00,0.04,-0.28,0.13,stairs
7360,1.29,-3.36,9.12,0.00,-0.22,0.11,stairs
7380,1.25,-3.51,9.34,-0.02,-0.17,0.11,stairs
7400,1.35,-3.26,9.16,0.03,-0.18,0.09,stairs
7420,1.38,-3.26,9.07,-0.03,-0.20,0.07,stairs
7440,1.33,-3.35,9.18,-0.13,-0.20,0.02,stairs
7460,1.46,-3.54,9.30,-0.16,-0.18,-0.03,stairs
7480,1.46,-3.55,9.37,-0.06,-0.15,-0.06,stairs
7500,1.41,-3.13,9.33,-0.07,-0.18,-0.07,stairs
7520,1.11,-3.30,9.70,-0.13,-0.15,-0.08,stairs
7540,0.88,-3.77,10.14,-0.11,-0.21,-0.02,stairs
7560,1.27,-3.38,9.73,0.09,-0.23,0.01,stairs
7580,1.65,-3.35,9.31,0.06,-0.23,-0.12,stairs
7600,1.87,-3.54,9.18,0.12,-0.18,-0.01,stairs
7620,1.71,-3.25,9.29,0.12,-0.13,-0.01,stairs
7640,1.74,-3.15,9.38,0.15,-0.12,0.01,stairs
7660,1.64,-2.88,9.43,0.10,-0.20,0.04,stairs
7680,1.94,-3.05,9.24,-0.11,-0.25,-0.00,stairs
7700,1.86,-3.72,9.93,-0.18,-0.17,-0.00,stairs
7720,2.00,-4.25,10.41,-0.02,-0.08,0.01,stairs
7740,1.97,-4.42,10.75,0.18,-0.13,0.01,stairs
7760,1.82,-3.87,10.16,0.29,-0.19,0.06,stairs
7780,1.92,-3.65,9.87,-0.08,-0.21,-0.02,stairs
7800,2.61,-4.96,9.90,-0.28,-0.27,-0.06,stairs
7820,2.26,-5.45,10.79,-0.23,-0.13,0.01,stairs
7840,2.18,-5.57,11.13,-0.14,-0.10,0.05,stairs
7860,2.52,-5.52,10.78,-0.08,-0.06,0.07,stairs
7880,2.63,-5.33,10.42,-0.17,-0.09,0.07,stairs
7900,2.99,-5.87,10.31,-0.31,-0.08,0.01,stairs
7920,2.92,-5.90,10.25,-0.35,-0.03,-0.08,stairs
7940,2.92,-6.24,10.25,-0.34,-0.05,-0.15,stairs
7960,3.05,-6.09,9.77,-0.23,-0.07,-0.18,stairs
7980,3.02,-5.83,9.26,-0.16,-0.05,-0.19,stairs
8000,2.78,-5.73,8.94,-0.17,-0.01,-0.27,stairs
8020,2.98,-5.62,8.57,-0.19,-0.02,-0.32,stairs
8040,3.25,-5.77,8.25,-0.21,-0.02,-0.33,stairs
8060,3.27,-5.77,8.22,-0.22,-0.01,-0.36,stairs
8080,3.12,-5.58,8.12,-0.11,0.02,-0.37,stairs
8100,2.75,-4.99,8.04,-0.03,0.03,-0.36,stairs
8120,2.82,-4.57,7.68,-0.03,-0.01,-0.36,stairs
8140,3.17,-4.45,7.30,-0.04,0.01,-0.30,stairs
8160,3.26,-4.74,7.49,-0.16,-0.01,-0.28,stairs
8180,3.22,-4.86,7.89,-0.05,0.06,-0.35,stairs
8200,2.74,-4.18,8.06,0.06,0.11,-0.32,stairs
8220,2.69,-3.93,7.96,0.09,0.12,-0.32,stairs
8240,3.14,-3.96,7.75,0.06,0.12,-0.32,stairs
8260,3.19,-4.21,7.89,0.09,0.17,-0.32,stairs
8280,3.06,-3.86,7.71,0.08,0.18,-0.33,stairs
8300,2.87,-3.93,7.91,0.03,0.20,-0.35,stairs
8320,2.82,-3.87,7.95,0.00,0.21,-0.31,stairs
8340,2.85,-4.15,8.20,-0.02,0.24,-0.27,stairs
8360,2.76,-4.37,8.36,0.00,0.28,-0.26,stairs
8380,2.60,-4.12,8.38,0.01,0.28,-0.26,stairs
8400,2.64,-3.95,8.19,0.00,0.27,-0.26,stairs
8420,2.74,-3.93,8.25,-0.04,0.28,-0.29,stairs
8440,2.80,-3.80,8.32,-0.11,0.29,-0.31,stairs
8460,2.84,-3.93,8.51,-0.15,0.32,-0.30,stairs
8480,2.59,-4.33,9.06,0.03,0.30,-0.19,stairs
8500,2.48,-3.46,8.93,0.13,0.29,-0.10,stairs
8520,2.64,-3.45,8.89,0.08,0.27,-0.08,stairs
8540,2.93,-3.34,8.80,-0.02,0.28,-0.10,stairs
8560,2.97,-3.77,9.06,-0.06,0.26,-0.07,stairs
8580,2.70,-3.59,9.21,-0.02,0.26,-0.04,stairs
8600,2.45,-3.59,9.39,-0.04,0.26,-0.02,stairs
8620,2.72,-3.99,9.39,-0.01,0.26,-0.02,stairs
8640,2.73,-3.89,9.34,-0.03,0.22,-0.02,stairs
8660,2.77,-4.16,9.29,-0.12,0.22,-0.04,stairs
8680,2.62,-4.58,9.54,-0.13,0.23,-0.04,stairs
8700,2.43,-4.78,9.65,-0.07,0.23,-0.02,stairs
8720,2.26,-4.76,9.71,-0.06,0.20,-0.01,stairs
8740,2.23,-5.26,10.01,-0.08,0.21,-0.00,stairs
8760,1.88,-5.37,10.02,0.05,0.24,-0.01,stairs
8780,1.49,-4.97,10.02,-0.01,0.18,0.05,stairs
8800,1.74,-5.85,10.17,-0.06,0.20,0.09,stairs
8820,1.76,-6.04,9.92,-0.08,0.22,0.15,stairs
8840,1.39,-5.78,10.00,-0.17,0.26,0.22,stairs
8860,1.14,-5.65,10.18,-0.32,0.30,0.30,stairs
8880,1.00,-5.92,10.42,-0.41,0.30,0.40,stairs
8900,0.94,-6.26,10.60,-0.41,0.23,0.50,stairs
8920,1.01,-6.83,10.49,-0.26,0.16,0.51,stairs
8940,0.73,-6.30,10.00,-0.11,0.12,0.50,stairs
8960,0.60,-6.39,9.74,-0.12,0.02,0.38,stairs
8980,0.74,-6.45,9.42,-0.08,-0.05,0.28,stairs
9000,0.58,-6.34,9.23,-0.02,-0.11,0.21,stairs
9020,0.34,-6.05,9.12,0.01,-0.16,0.15,stairs
9040,0.33,-5.92,8.88,0.06,-0.19,0.18,stairs
9060,0.29,-5.89,9.00,0.10,-0.23,0.22,stairs
9080,0.52,-5.83,8.63,0.10,-0.30,0.31,stairs
9100,0.69,-5.77,8.44,0.22,-0.32,0.28,stairs
9120,0.77,-5.15,8.13,0.25,-0.35,0.21,stairs
9140,1.22,-4.87,7.82,0.35,-0.39,0.14,stairs
9160,1.28,-4.36,7.54,0.31,-0.39,0.03,stairs
9180,1.02,-4.24,7.63,0.26,-0.33,-0.03,stairs
9200,0.67,-4.25,8.01,0.26,-0.25,-0.12,stairs
9220,0.41,-4.42,8.35,0.28,-0.25,0.07,stairs
9240,1.38,-4.09,7.69,0.40,-0.31,0.01,stairs
9260,1.17,-3.71,7.63,0.39,-0.30,0.12,stairs
9280,0.99,-3.85,7.87,0.33,-0.20,0.13,stairs
9300,0.93,-3.85,7.94,0.19,-0.18,0.02,stairs
9320,1.14,-4.14,8.02,0.22,-0.22,0.07,stairs
9340,1.41,-3.68,7.77,0.22,-0.27,0.10,stairs
9360,1.41,-3.52,7.85,0.15,-0.28,0.05,stairs
9380,0.97,-3.44,8.15,0.27,-0.25,0.19,stairs
9400,1.15,-3.58,8.48,0.04,-0.25,0.08,stairs
9420,1.03,-3.70,8.62,-0.07,-0.25,0.13,stairs
9440,1.40,-3.82,8.78,0.01,-0.31,0.26,stairs
9460,1.54,-3.87,8.94,0.05,-0.25,0.31,stairs
9480,1.32,-3.87,9.38,0.11,-0.22,0.34,stairs
9500,1.68,-3.53,9.12,0.18,-0.15,0.34,stairs
9520,1.78,-3.50,8.92,0.19,-0.20,0.33,stairs
9540,1.86,-3.72,9.05,0.12,-0.26,0.27,stairs
9560,1.87,-3.73,9.10,0.09,-0.30,0.19,stairs
9580,1.74,-3.82,9.32,0.02,-0.29,0.15,stairs
9600,1.98,-4.04,9.41,0.13,-0.29,0.20,stairs
9620,1.99,-3.90,9.35,0.24,-0.35,0.24,stairs
9640,1.69,-3.73,9.44,0.34,-0.38,0.26,stairs
9660,2.02,-3.69,9.15,0.24,-0.44,0.21,stairs
9680,2.49,-3.58,8.88,0.10,-0.34,0.14,stairs
9700,2.47,-3.90,9.42,0.02,-0.23,0.09,stairs
9720,2.12,-4.26,10.41,0.11,-0.16,0.10,stairs
9740,2.17,-4.55,10.91,0.25,-0.21,0.18,stairs
9760,2.34,-4.49,10.85,0.36,-0.25,0.19,stairs
9780,2.60,-4.30,10.14,0.35,-0.24,0.11,stairs
9800,2.83,-4.40,9.61,0.11,-0.11,0.02,stairs
9820,2.72,-5.02,10.02,-0.19,-0.14,-0.09,stairs
9840,2.84,-5.83,10.47,-0.37,-0.09,-0.09,stairs
9860,2.66,-6.33,11.17,-0.31,-0.01,0.01,stairs
9880,2.84,-6.65,10.95,-0.14,0.05,0.15,stairs
9900,3.08,-6.58,10.39,-0.08,0.09,0.16,stairs
9920,3.08,-6.39,9.77,-0.13,0.17,0.04,stairs
9940,2.96,-6.80,9.60,-0.29,0.20,-0.19,stairs
9960,2.83,-6.81,9.54,-0.27,0.14,-0.35,stairs
9980,2.90,-6.43,9.12,-0.19,0.03,-0.36,stairs
10000,3.13,-6.27,8.61,-0.15,-0.00,-0.35,stairs
10020,3.11,-5.95,8.38,-0.23,0.02,-0.44,stairs
10040,3.21,-5.80,8.10,-0.31,0.06,-0.49,stairs
10060,2.76,-6.27,8.63,-0.19,0.09,-0.46,stairs
10080,2.73,-5.48,8.21,0.01,0.07,-0.34,stairs
10100,2.91,-5.29,8.00,0.08,0.05,-0.30,stairs
10120,3.30,-4.75,7.35,0.08,0.03,-0.32,stairs
10140,3.46,-4.82,7.25,-0.04,0.01,-0.43,stairs
10160,3.28,-4.70,7.35,-0.09,0.05,-0.53,stairs
10180,3.02,-4.34,7.47,-0.09,0.07,-0.59,stairs
10200,2.82,-4.23,7.64,-0.06,0.09,-0.54,stairs
10220,2.81,-4.03,7.76,-0.00,0.09,-0.47,stairs
10240,2.89,-4.14,7.83,0.01,0.14,-0.46,stairs
10260,2.80,-4.02,7.75,0.08,0.24,-0.46,stairs
10280,2.66,-3.72,7.62,0.09,0.31,-0.46,stairs
10300,2.69,-3.98,7.75,0.08,0.36,-0.46,stairs
10320,2.56,-3.95,8.00,0.18,0.34,-0.38,stairs
10340,2.70,-3.63,7.67,0.13,0.31,-0.32,stairs
10360,2.76,-3.96,7.80,0.02,0.34,-0.34,stairs
10380,2.56,-4.16,8.12,0.02,0.39,-0.31,stairs
10400,2.49,-4.00,8.28,0.02,0.37,-0.26,stairs
10420,2.38,-3.79,8.51,-0.00,0.36,-0.23,stairs
10440,2.58,-4.26,8.69,0.01,0.36,-0.23,stairs
10460,2.63,-4.03,8.63,0.04,0.35,-0.21,stairs
10480,2.67,-4.00,8.67,-0.01,0.35,-0.23,stairs
10500,2.74,-3.87,8.72,-0.03,0.34,-0.24,stairs
10520,2.69,-3.50,8.78,-0.04,0.36,-0.23,stairs
10540,2.70,-3.61,8.86,-0.14,0.33,-0.26,stairs
10560,2.44,-3.73,9.33,-0.13,0.31,-0.25,stairs
10580,2.40,-3.98,9.72,-0.02,0.25,-0.22,stairs
10600,2.51,-3.79,9.66,0.09,0.23,-0.16,stairs
10620,2.77,-3.49,9.32,0.06,0.16,-0.10,stairs
10640,2.88,-3.90,9.18,-0.04,0.14,-0.14,stairs
10660,2.41,-4.37,9.79,-0.02,0.08,-0.18,stairs
10680,2.66,-4.80,9.86,0.09,-0.02,-0.19,stairs
10700,2.42,-4.53,9.86,0.15,-0.01,-0.19,stairs
10720,1.78,-4.72,10.42,0.20,0.09,-0.23,stairs
10740,1.66,-4.85,10.10,0.20,0.10,-0.14,stairs
10760,2.08,-5.46,10.06,0.17,0.16,-0.01,stairs
10780,1.85,-5.75,10.48,0.19,0.25,0.08,stairs
10800,1.35,-5.53,10.54,0.06,0.22,0.11,stairs
10820,1.51,-5.44,10.25,-0.13,0.19,0.14,stairs
10840,1.73,-5.68,10.37,-0.28,0.17,0.26,stairs
10860,1.63,-5.96,10.65,-0.31,0.18,0.39,stairs
10880,1.28,-5.95,10.80,-0.35,0.15,0.46,stairs
10900,1.17,-6.15,10.75,-0.27,0.06,0.52,stairs
10920,1.49,-6.30,10.23,-0.22,-0.02,0.48,stairs
10940,1.41,-6.25,9.94,-0.12,-0.07,0.37,stairs
10960,1.14,-5.69,9.69,-0.07,-0.14,0.19,stairs
10980,0.91,-5.30,9.35,-0.10,-0.22,0.01,stairs
11000,0.94,-5.16,9.00,-0.12,-0.23,-0.06,stairs
11020,0.80,-5.19,8.96,-0.04,-0.19,-0.11,stairs
11040,0.96,-5.64,9.00,0.03,-0.18,0.01,stairs
11060,0.85,-5.64,9.00,0.31,-0.11,0.19,stairs
11080,0.89,-4.85,8.40,0.47,-0.10,0.38,stairs
11100,0.95,-4.37,7.86,0.55,-0.02,0.48,stairs
11120,0.91,-3.93,7.34,0.42,-0.00,0.41,stairs
11140,0.67,-4.21,7.41,0.37,-0.04,0.36,stairs
11160,0.75,-4.20,7.55,0.40,-0.17,0.37,stairs
11180,1.11,-3.76,7.44,0.43,-0.26,0.40,stairs
11200,1.17,-3.61,7.49,0.38,-0.27,0.40,stairs
11220,1.09,-3.23,7.40,0.26,-0.25,0.35,stairs
11240,0.96,-3.31,7.62,0.19,-0.26,0.39,stairs
11260,1.05,-3.55,7.95,0.14,-0.30,0.41,stairs
11280,1.40,-3.70,8.22,0.19,-0.37,0.48,stairs
11300,1.76,-3.85,8.30,0.19,-0.37,0.53,stairs
11320,1.37,-3.48,8.61,0.12,-0.33,0.50,stairs
11340,1.52,-3.56,8.65,-0.04,-0.31,0.44,stairs
11360,1.68,-3.82,8.81,-0.14,-0.29,0.38,stairs
11380,1.72,-4.21,9.20,-0.09,-0.29,0.35,stairs
11400,1.91,-4.07,9.09,-0.05,-0.29,0.28,stairs
11420,1.69,-3.82,9.10,0.02,-0.25,0.26,stairs
11440,1.62,-3.56,9.07,-0.01,-0.20,0.28,stairs
11460,1.89,-3.48,9.00,-0.11,-0.16,0.28,stairs
11480,2.06,-4.10,9.05,-0.13,-0.13,0.25,stairs
11500,1.64,-3.96,9.25,-0.02,-0.16,0.29,stairs
11520,1.60,-3.79,9.33,0.03,-0.23,0.27,stairs
11540,1.65,-3.63,9.22,0.02,-0.23,0.23,stairs
11560,1.70,-3.52,9.09,0.07,-0.19,0.29,stairs
11580,1.64,-3.45,9.00,-0.01,-0.22,0.25,stairs
11600,1.69,-3.51,9.11,-0.09,-0.22,0.20,stairs
11620,1.82,-4.01,9.45,-0.05,-0.20,0.17,stairs
11640,1.70,-3.66,9.54,0.06,-0.18,0.23,stairs
11660,1.64,-3.59,9.50,0.00,-0.20,0.23,stairs
11680,1.77,-3.58,9.50,-0.08,-0.17,0.20,stairs
11700,1.81,-4.30,10.05,-0.16,-0.22,0.13,stairs
11720,2.04,-4.55,10.24,-0.04,-0.33,0.13,stairs
11740,2.48,-4.45,10.03,-0.05,-0.37,0.06,stairs
11760,2.27,-4.26,10.38,-0.03,-0.27,-0.08,stairs
11780,2.31,-4.41,10.09,-0.02,-0.23,-0.04,stairs
11800,2.10,-5.15,10.04,-0.03,-0.17,-0.08,stairs
11820,2.12,-5.86,10.32,-0.01,-0.11,-0.08,stairs
11840,2.00,-5.42,10.32,0.09,-0.06,0.03,stairs
11860,2.16,-5.32,10.37,0.08,-0.07,0.07,stairs
11880,2.51,-5.34,10.37,0.05,-0.08,0.06,stairs
11900,2.91,-5.59,9.98,-0.00,-0.10,-0.03,stairs
11920,2.92,-5.55,9.64,-0.09,-0.14,-0.09,stairs
11940,2.97,-5.47,9.24,-0.19,-0.15,-0.14,stairs
11960,2.86,-5.38,9.05,-0.38,-0.13,-0.19,stairs
11980,2.78,-6.05,9.31,-0.43,-0.08,-0.16,stairs
12000,2.85,-6.50,9.32,-0.32,-0.03,-0.08,stairs
12020,2.82,-6.61,9.04,-0.16,-0.00,-0.03,stairs
12040,3.19,-6.45,8.26,-0.10,-0.03,-0.00,stairs
12060,3.21,-6.37,7.90,-0.12,-0.02,-0.03,stairs
12080,3.44,-6.46,7.58,-0.24,-0.04,-0.17,stairs
12100,3.47,-6.50,7.65,-0.25,-0.03,-0.24,stairs
12120,3.51,-6.74,7.81,-0.21,0.01,-0.29,stairs
12140,3.17,-6.33,7.92,-0.02,0.10,-0.27,stairs
12160,3.07,-5.63,7.62,0.07,0.09,-0.28,stairs
12180,3.26,-5.24,7.27,0.05,0.07,-0.33,stairs
12200,3.32,-5.17,7.20,-0.00,0.06,-0.42,stairs
12220,3.33,-5.14,7.35,-0.06,0.06,-0.52,stairs
12240,3.11,-4.81,7.57,-0.02,0.03,-0.50,stairs
12260,3.10,-4.53,7.71,0.14,0.04,-0.31,stairs
12280,3.22,-4.37,7.81,0.18,0.08,-0.28,stairs
12300,3.09,-4.29,7.87,0.20,0.14,-0.28,stairs
12320,3.16,-4.29,7.74,0.15,0.16,-0.34,stairs
12340,3.26,-4.35,7.64,0.11,0.19,-0.36,stairs
12360,3.32,-4.39,7.58,0.03,0.23,-0.42,stairs
12380,3.17,-4.77,7.90,0.03,0.30,-0.41,stairs
12400,2.98,-4.56,7.98,0.08,0.35,-0.34,stairs
12420,2.91,-4.41,7.92,0.09,0.33,-0.32,stairs
12440,3.06,-4.34,7.92,0.08,0.32,-0.33,stairs
12460,3.20,-4.34,7.87,0.04,0.33,-0.34,stairs
12480,3.02,-4.47,8.20,0.03,0.35,-0.33,stairs
12500,3.01,-4.31,8.16,-0.04,0.34,-0.36,stairs
12520,3.00,-4.26,8.28,0.02,0.34,-0.29,stairs
12540,2.89,-3.83,8.36,0.05,0.34,-0.25,stairs
12560,3.06,-3.94,8.22,-0.05,0.35,-0.29,stairs
12580,2.97,-3.93,8.40,-0.13,0.35,-0.31,stairs
12600,2.84,-4.26,8.66,-0.20,0.33,-0.33,stairs
12620,2.71,-4.41,8.76,-0.21,0.29,-0.32,stairs
12640,2.80,-4.58,9.06,-0.09,0.27,-0.21,stairs
12660,2.78,-4.19,8.88,-0.02,0.28,-0.09,stairs
12680,2.75,-4.10,8.80,-0.11,0.28,-0.13,stairs
12700,2.64,-4.48,8.97,-0.28,0.25,-0.22,stairs
12720,2.51,-5.08,9.68,-0.17,0.25,-0.17,stairs
12740,2.44,-5.15,9.83,-0.10,0.20,-0.08,stairs
12760,2.26,-5.39,10.01,-0.05,0.24,-0.02,stairs
12780,2.17,-5.25,9.60,-0.00,0.23,-0.03,stairs
12800,1.96,-4.88,9.10,-0.10,0.16,0.03,stairs
12820,2.17,-5.70,9.17,-0.31,0.14,0.01,stairs
12840,2.09,-6.17,9.61,-0.42,0.12,0.03,stairs
12860,2.18,-6.40,9.59,-0.53,0.13,0.10,stairs
12880,2.06,-6.58,9.79,-0.59,0.16,0.23,stairs
12900,1.89,-7.12,9.95,-0.60,0.16,0.27,stairs
12920,1.65,-7.25,10.08,-0.43,0.11,0.35,stairs
12940,1.60,-6.90,9.64,-0.28,0.08,0.40,stairs
12960,1.56,-6.94,9.39,-0.23,0.05,0.27,stairs
12980,1.60,-6.73,9.07,-0.18,0.02,0.12,stairs
13000,1.30,-6.48,8.95,-0.13,0.01,0.02,stairs
13020,0.98,-6.48,8.91,-0.09,-0.01,-0.05,stairs
13040,0.83,-6.48,8.79,0.14,-0.04,-0.00,stairs
13060,0.76,-6.24,8.67,0.24,-0.07,0.06,stairs
13080,0.75,-5.94,8.34,0.30,-0.06,0.11,stairs
13100,0.80,-5.65,7.93,0.26,-0.10,0.12,stairs
13120,0.76,-5.63,7.80,0.24,-0.12,0.14,stairs
13140,0.86,-5.79,7.60,0.19,-0.13,0.11,stairs
13160,0.76,-5.96,7.67,0.22,-0.14,0.05,stairs
13180,0.80,-5.64,7.59,0.35,-0.16,0.11,stairs
13200,0.74,-5.13,7.53,0.34,-0.18,0.11,stairs
13220,0.89,-5.15,7.54,0.29,-0.18,0.08,stairs
13240,0.96,-5.11,7.60,0.27,-0.14,0.08,stairs
13260,1.04,-5.04,7.58,0.28,-0.15,0.13,stairs
13280,1.12,-4.59,7.51,0.23,-0.16,0.16,stairs
13300,1.31,-4.82,7.69,0.14,-0.15,0.13,stairs
13320,1.27,-4.79,8.00,0.18,-0.18,0.17,stairs
13340,1.27,-4.75,8.11,0.22,-0.20,0.19,stairs
13360,1.36,-4.80,8.04,0.20,-0.18,0.15,stairs
13380,1.37,-4.76,8.11,0.24,-0.15,0.13,stairs
13400,1.37,-4.45,8.01,0.30,-0.18,0.23,stairs
13420,1.47,-4.56,7.96,0.18,-0.23,0.23,stairs
13440,1.48,-4.88,8.23,0.08,-0.24,0.16,stairs
13460,1.44,-4.65,8.41,0.10,-0.23,0.15,stairs
13480,1.39,-4.27,8.48,0.10,-0.26,0.16,stairs
13500,1.55,-4.03,8.38,0.08,-0.25,0.15,stairs
13520,1.51,-4.18,8.52,0.01,-0.19,0.12,stairs
13540,1.48,-4.54,8.82,-0.01,-0.12,0.10,stairs
13560,1.56,-4.42,8.79,0.08,-0.14,0.19,stairs
13580,1.70,-4.17,8.74,0.14,-0.10,0.21,stairs
13600,1.67,-4.08,8.66,0.17,-0.10,0.25,stairs
13620,1.82,-4.21,8.58,0.09,-0.13,0.20,stairs
13640,1.67,-4.38,8.92,0.05,-0.16,0.16,stairs
13660,1.79,-4.39,9.10,0.05,-0.19,0.16,stairs
13680,2.09,-4.45,9.15,0.06,-0.18,0.14,stairs
13700,2.23,-4.30,9.08,0.03,-0.13,0.10,stairs
13720,2.29,-4.63,9.35,-0.03,-0.11,0.04,stairs
13740,2.13,-4.72,9.85,0.04,-0.11,0.05,stairs
13760,2.52,-5.08,9.94,0.01,-0.19,0.02,stairs
13780,2.46,-5.22,9.89,0.09,-0.15,-0.03,stairs
13800,1.69,-5.20,9.79,-0.08,-0.07,-0.07,stairs
13820,1.98,-5.91,9.98,-0.24,-0.05,-0.10,stairs
13840,2.28,-6.70,10.26,-0.19,-0.03,0.02,stairs
13860,2.32,-6.70,10.18,-0.19,-0.06,0.09,stairs
13880,2.51,-6.96,10.05,-0.26,-0.03,0.01,stairs
13900,2.59,-7.13,9.97,-0.33,-0.01,-0.06,stairs
13920,2.63,-7.26,9.93,-0.29,-0.01,-0.08,stairs
13940,2.73,-7.08,9.62,-0.17,-0.01,-0.09,stairs
13960,2.81,-6.88,9.23,-0.11,-0.01,-0.15,stairs
13980,2.89,-6.73,8.85,-0.05,-0.01,-0.25,stairs
14000,2.84,-6.39,8.35,0.01,-0.03,-0.27,stairs
14020,2.90,-6.28,7.85,-0.02,-0.07,-0.27,stairs
14040,3.27,-6.24,7.36,-0.09,-0.10,-0.29,stairs
14060,3.16,-6.09,7.35,-0.08,-0.06,-0.26,stairs
14080,2.81,-5.89,7.35,-0.05,-0.01,-0.23,stairs
14100,2.84,-5.73,7.20,-0.04,0.00,-0.20,stairs
14120,3.04,-6.10,7.10,0.03,0.01,-0.19,stairs
14140,2.94,-5.57,6.93,0.12,0.01,-0.13,stairs
14160,3.05,-5.49,6.95,0.09,-0.00,-0.16,stairs
14180,3.17,-5.19,6.94,0.08,0.00,-0.21,stairs
14200,3.11,-5.01,7.13,0.08,0.02,-0.26,stairs
14220,3.04,-4.78,7.26,0.08,0.05,-0.28,stairs
14240,3.20,-5.14,7.41,0.08,0.07,-0.30,stairs
14260,3.21,-4.80,7.50,0.17,0.11,-0.23,stairs
14280,3.27,-4.77,7.43,0.16,0.12,-0.20,stairs
14300,3.17,-4.50,7.37,0.09,0.13,-0.23,stairs
14320,3.17,-4.62,7.50,0.03,0.13,-0.25,stairs
14340,2.99,-4.67,7.73,-0.02,0.14,-0.27,stairs
14360,2.97,-4.89,7.86,-0.05,0.15,-0.29,stairs
14380,3.06,-5.09,8.06,-0.00,0.18,-0.27,stairs
14400,3.00,-4.90,7.99,0.03,0.19,-0.24,stairs
14420,2.85,-4.73,8.00,0.02,0.23,-0.24,stairs
14440,2.96,-4.92,8.07,-0.04,0.25,-0.27,stairs
14460,2.96,-4.96,8.21,-0.04,0.26,-0.26,stairs
14480,2.85,-4.92,8.37,-0.05,0.25,-0.23,stairs
14500,2.92,-5.08,8.46,-0.01,0.24,-0.24,stairs
14520,3.02,-4.65,8.32,0.04,0.24,-0.20,stairs
14540,3.14,-4.54,8.19,0.01,0.25,-0.21,stairs
14560,3.17,-4.55,8.25,-0.03,0.26,-0.27,stairs
14580,3.09,-4.57,8.27,-0.07,0.25,-0.29,stairs
14600,2.95,-4.92,8.50,-0.04,0.25,-0.27,stairs
14620,3.04,-4.75,8.33,0.02,0.25,-0.20,stairs
14640,3.01,-4.54,8.30,-0.01,0.28,-0.16,stairs
14660,2.99,-4.55,8.25,-0.09,0.32,-0.19,stairs
14680,2.94,-4.95,8.50,-0.11,0.32,-0.19,stairs
14700,2.74,-4.86,8.63,-0.06,0.33,-0.16,stairs
14720,2.83,-4.85,8.67,-0.05,0.33,-0.14,stairs
14740,2.77,-4.68,8.69,-0.12,0.31,-0.13,stairs
14760,2.75,-4.99,8.83,-0.23,0.29,-0.13,stairs
14780,2.35,-5.60,9.47,-0.18,0.31,-0.09,stairs
14800,2.13,-5.76,9.62,-0.07,0.29,-0.03,stairs
14820,1.98,-5.93,9.90,0.03,0.25,0.03,stairs
14840,1.80,-5.12,9.18,0.03,0.19,0.02,stairs
14860,1.96,-5.68,9.19,-0.27,0.06,-0.05,stairs
14880,2.31,-6.87,9.58,-0.35,0.04,-0.03,stairs
14900,2.05,-6.85,9.65,-0.33,0.02,0.07,stairs
14920,1.88,-6.93,9.69,-0.31,0.04,0.20,stairs
14940,2.05,-6.78,9.37,-0.30,0.11,0.32,stairs
14960,2.08,-7.02,9.38,-0.30,0.17,0.36,stairs
14980,1.88,-7.25,9.41,-0.26,0.20,0.35,stairs
15000,1.74,-7.21,9.25,-0.18,0.20,0.34,stairs
15020,1.84,-7.41,8.96,-0.07,0.20,0.31,stairs
15040,1.56,-7.07,8.90,0.10,0.20,0.34,stairs
15060,1.39,-6.96,8.79,0.17,0.16,0.29,stairs
15080,1.11,-6.70,8.65,0.23,0.13,0.22,stairs
15100,0.90,-6.42,8.59,0.17,0.03,0.11,stairs
15120,0.72,-6.13,8.55,0.15,-0.01,0.05,stairs
15140,0.78,-6.28,8.37,0.17,-0.02,0.03,stairs
15160,0.75,-6.39,8.10,0.23,-0.05,0.08,stairs
15180,0.65,-6.08,7.83,0.28,-0.10,0.10,stairs
15200,0.68,-5.85,7.56,0.26,-0.12,0.07,stairs
15220,0.75,-5.83,7.41,0.19,-0.14,-0.00,stairs
15240,0.54,-5.68,7.62,0.24,-0.16,-0.02,stairs
15260,0.54,-5.41,7.50,0.33,-0.19,-0.03,stairs
15280,0.49,-4.92,7.32,0.39,-0.20,-0.01,stairs
15300,0.67,-4.66,7.19,0.34,-0.22,-0.04,stairs
15320,0.96,-4.57,7.43,0.23,-0.20,-0.06,stairs
15340,0.98,-4.58,7.30,0.18,-0.17,-0.06,stairs
15360,0.91,-4.62,7.41,0.20,-0.15,0.01,stairs
15380,0.74,-4.47,7.57,0.25,-0.13,0.12,stairs
15400,0.96,-4.41,7.62,0.15,-0.17,0.16,stairs
15420,0.99,-4.62,7.96,0.14,-0.14,0.19,stairs
15440,1.35,-4.85,8.02,0.15,-0.13,0.18,stairs
15460,1.49,-4.78,7.96,0.16,-0.15,0.17,stairs
15480,1.55,-5.02,8.04,0.25,-0.08,0.20,stairs
15500,1.47,-4.78,8.12,0.33,-0.04,0.26,stairs
15520,1.40,-4.36,8.27,0.24,-0.06,0.27,stairs
15540,1.36,-4.58,8.56,0.07,-0.12,0.17,stairs
15560,1.23,-4.83,8.88,0.06,-0.13,0.13,stairs
15580,1.24,-4.29,8.65,0.05,-0.17,0.11,stairs
15600,1.34,-4.27,8.56,0.00,-0.20,0.10,stairs
15620,1.32,-4.25,8.71,-0.09,-0.17,0.03,stairs
15640,1.39,-4.67,8.75,-0.16,-0.15,-0.03,stairs
15660,1.16,-4.60,8.92,-0.08,-0.18,0.01,stairs
15680,1.34,-4.45,8.96,-0.03,-0.21,0.10,stairs
15700,1.44,-4.49,9.07,-0.03,-0.17,0.11,stairs
15720,1.51,-4.47,9.01,-0.05,-0.16,0.06,stairs
15740,1.55,-4.58,8.97,-0.03,-0.11,0.04,stairs
15760,1.64,-5.09,9.12,0.07,-0.07,-0.02,stairs
15780,1.58,-4.89,9.19,0.10,-0.06,-0.04,stairs
15800,1.16,-4.74,9.73,0.12,-0.03,0.04,stairs
15820,1.48,-5.02,9.78,0.16,-0.04,0.11,stairs
15840,1.83,-5.18,9.85,0.22,-0.06,0.18,stairs
15860,1.90,-5.60,10.28,0.23,-0.09,0.12,stairs
15880,1.96,-5.48,10.01,0.25,-0.15,0.06,stairs
15900,1.50,-5.48,9.88,0.10,-0.14,0.06,stairs
15920,2.05,-6.39,9.77,-0.01,-0.12,-0.06,stairs
15940,2.08,-6.60,9.81,-0.09,-0.15,-0.03,stairs
15960,1.87,-6.36,10.13,-0.08,-0.15,0.03,stairs
15980,2.42,-6.59,9.93,-0.17,-0.17,0.04,stairs
16000,2.46,-6.74,9.84,-0.22,-0.19,0.01,stairs
16020,2.50,-6.71,9.57,-0.17,-0.21,-0.01,stairs
16040,2.38,-6.29,9.14,-0.17,-0.19,-0.06,stairs
16060,2.53,-6.46,8.93,-0.20,-0.16,-0.12,stairs
16080,2.73,-6.76,8.67,-0.22,-0.16,-0.16,stairs
16100,2.67,-6.80,8.45,-0.13,-0.16,-0.19,stairs
16120,2.86,-6.62,8.00,-0.06,-0.16,-0.21,stairs
16140,2.96,-6.29,7.49,-0.05,-0.16,-0.23,stairs
16160,3.13,-6.08,7.25,-0.07,-0.14,-0.25,stairs
16180,3.31,-5.86,6.90,-0.11,-0.13,-0.31,stairs
16200,3.31,-5.73,6.87,-0.13,-0.11,-0.34,stairs
16220,3.33,-5.64,6.92,-0.16,-0.12,-0.37,stairs
16240,3.23,-5.41,6.89,-0.12,-0.10,-0.37,stairs
16260,3.22,-5.29,7.02,-0.11,-0.07,-0.36,stairs
16280,3.24,-5.15,7.14,-0.03,-0.02,-0.34,stairs
16300,3.41,-5.12,7.13,-0.01,0.02,-0.34,stairs
16320,3.39,-5.11,7.30,0.07,0.05,-0.34,stairs
16340,3.31,-4.82,7.27,0.07,0.07,-0.35,stairs
16360,3.36,-4.90,7.30,0.03,0.10,-0.38,stairs
16380,3.22,-5.01,7.46,0.03,0.17,-0.40,stairs
16400,3.02,-4.89,7.46,0.01,0.19,-0.39,stairs
16420,3.05,-4.89,7.45,-0.05,0.22,-0.38,stairs
16440,3.04,-5.75,7.86,0.04,0.27,-0.32,stairs
16460,2.86,-5.23,7.75,0.09,0.26,-0.28,stairs
16480,2.69,-5.11,7.86,0.15,0.32,-0.24,stairs
16500,3.00,-5.20,7.61,0.04,0.33,-0.29,stairs
16520,2.84,-5.05,7.95,0.03,0.35,-0.27,stairs
16540,2.81,-4.95,8.02,-0.04,0.30,-0.29,stairs
16560,2.95,-4.90,7.98,-0.10,0.29,-0.31,stairs
16580,2.96,-4.96,8.06,-0.07,0.33,-0.27,stairs
16600,2.89,-4.69,8.03,-0.07,0.32,-0.22,stairs
16620,2.90,-4.69,8.15,-0.12,0.31,-0.22,stairs
16640,3.06,-4.74,8.12,-0.16,0.32,-0.24,stairs
16660,2.98,-4.85,8.22,-0.11,0.34,-0.21,stairs
16680,2.97,-4.68,8.17,-0.10,0.32,-0.17,stairs
16700,3.04,-4.73,8.14,-0.16,0.31,-0.18,stairs
16720,3.16,-4.92,8.09,-0.21,0.32,-0.20,stairs
16740,3.03,-5.25,8.32,-0.15,0.35,-0.15,stairs
16760,2.87,-4.90,8.34,-0.05,0.36,-0.10,stairs
16780,2.87,-4.61,8.26,-0.07,0.35,-0.10,stairs
16800,2.99,-4.58,8.17,-0.13,0.36,-0.13,stairs
16820,2.94,-4.89,8.41,-0.16,0.38,-0.14,stairs
16840,2.81,-5.12,8.72,-0.12,0.38,-0.12,stairs
16860,2.67,-5.23,8.92,-0.10,0.34,-0.05,stairs
16880,2.60,-5.12,8.94,-0.10,0.31,-0.00,stairs
16900,2.47,-5.21,9.09,-0.18,0.30,0.01,stairs
16920,2.28,-6.06,9.58,-0.11,0.34,0.03,stairs
16940,2.04,-6.85,10.34,0.22,0.34,0.14,stairs
16960,1.96,-5.44,9.35,0.39,0.25,0.27,stairs
16980,2.24,-5.78,9.24,0.17,0.27,0.12,stairs
17000,2.32,-6.21,9.38,0.10,0.39,0.04,stairs
17020,2.00,-6.77,9.79,0.03,0.36,0.07,stairs
17040,1.80,-6.72,9.85,0.03,0.30,0.17,stairs
17060,1.86,-6.42,9.44,-0.14,0.31,0.20,stairs
17080,1.77,-6.56,9.32,-0.35,0.39,0.23,stairs
17100,1.50,-7.29,9.59,-0.40,0.48,0.24,stairs
17120,1.13,-7.57,9.66,-0.30,0.47,0.27,stairs
17140,1.13,-7.48,9.41,-0.17,0.41,0.30,stairs
17160,1.14,-7.32,9.09,-0.12,0.37,0.24,stairs
17180,0.99,-7.16,8.87,-0.07,0.34,0.10,stairs
17200,0.83,-6.85,8.66,0.01,0.31,0.01,stairs
17220,0.52,-6.69,8.65,0.07,0.27,-0.06,stairs
17240,0.49,-6.59,8.37,0.16,0.27,-0.08,stairs
17260,0.39,-6.22,8.06,0.21,0.25,-0.09,stairs
17280,0.32,-5.96,7.79,0.21,0.24,-0.09,stairs
17300,0.31,-5.77,7.56,0.17,0.20,-0.09,stairs
17320,0.33,-5.77,7.55,0.15,0.16,-0.12,stairs
17340,0.40,-5.66,7.60,0.19,0.13,-0.14,stairs
17360,0.45,-5.19,7.41,0.22,0.09,-0.16,stairs
17380,0.55,-4.93,7.30,0.21,0.09,-0.23,stairs
17400,0.66,-4.93,7.25,0.13,0.10,-0.32,stairs
17420,0.57,-5.09,7.53,0.09,0.12,-0.38,stairs
17440,0.64,-5.24,7.85,0.16,0.12,-0.37,stairs
17460,0.76,-4.74,7.70,0.23,0.08,-0.30,stairs
17480,0.85,-4.66,7.70,0.18,0.07,-0.29,stairs
17500,0.88,-4.78,7.78,0.10,0.11,-0.36,stairs
17520,0.78,-5.16,8.05,0.11,0.10,-0.37,stairs
17540,0.64,-4.96,8.04,0.15,0.06,-0.36,stairs
17560,0.83,-4.84,7.97,0.16,0.05,-0.37,stairs
17580,0.92,-4.99,7.94,0.17,0.08,-0.38,stairs
17600,0.70,-5.01,8.11,0.16,0.11,-0.42,stairs
17620,0.72,-4.91,8.35,0.13,0.10,-0.46,stairs
17640,0.77,-4.80,8.28,0.13,0.07,-0.47,stairs
17660,0.87,-5.09,8.56,0.17,-0.03,-0.47,stairs
17680,1.03,-4.75,8.45,0.21,-0.07,-0.48,stairs
17700,1.17,-4.61,8.62,0.17,-0.05,-0.50,stairs
17720,1.38,-4.35,8.67,0.19,-0.05,-0.48,stairs
17740,1.56,-4.25,8.66,0.17,-0.03,-0.51,stairs
17760,1.68,-4.18,8.53,0.14,0.03,-0.55,stairs
17780,1.68,-3.94,8.38,0.08,0.09,-0.58,stairs
17800,1.76,-3.79,8.43,0.00,0.12,-0.60,stairs
17820,1.77,-3.90,8.47,-0.05,0.18,-0.61,stairs
17840,1.55,-3.85,8.54,-0.03,0.31,-0.64,stairs
17860,1.77,-4.07,8.44,-0.11,0.34,-0.63,stairs
17880,1.87,-4.20,8.48,-0.14,0.36,-0.61,stairs
17900,1.77,-4.41,8.57,-0.16,0.38,-0.63,stairs
17920,1.54,-4.75,8.78,-0.18,0.35,-0.67,stairs
17940,1.47,-4.85,8.92,-0.16,0.33,-0.67,stairs
17960,1.52,-5.03,9.11,-0.13,0.31,-0.70,stairs
17980,1.62,-5.16,9.12,-0.10,0.28,-0.72,stairs
18000,1.58,-5.14,9.42,-0.09,0.25,-0.81,stairs
18020,1.51,-4.89,9.30,-0.11,0.21,-0.84,stairs
18040,1.74,-4.99,9.26,-0.34,0.18,-0.86,stairs
18060,2.28,-6.34,9.47,-0.59,0.26,-0.82,stairs
18080,2.32,-7.73,9.81,-0.63,0.32,-0.68,stairs
18100,1.91,-7.49,10.14,-0.46,0.34,-0.56,stairs
18120,2.42,-7.18,9.26,-0.39,0.25,-0.63,stairs
18140,2.53,-6.65,8.79,-0.28,0.24,-0.80,stairs
18160,3.10,-6.53,8.36,-0.11,0.23,-1.02,stairs
18180,3.41,-5.95,8.09,0.09,0.26,-1.16,stairs
18200,3.69,-5.62,7.86,0.13,0.23,-1.20,stairs
18220,3.83,-5.61,7.48,0.05,0.22,-1.14,stairs
18240,3.73,-5.82,7.40,-0.13,0.31,-1.08,stairs
18260,3.58,-6.53,7.82,-0.16,0.44,-0.88,stairs
18280,3.21,-6.60,8.08,-0.03,0.52,-0.62,stairs
18300,3.22,-5.73,7.98,0.11,0.59,-0.42,stairs
18320,3.54,-5.32,7.66,0.14,0.63,-0.37,stairs
18340,3.60,-4.90,7.34,0.13,0.64,-0.45,stairs
18360,3.48,-4.75,7.57,0.08,0.66,-0.60,stairs
18380,3.34,-4.67,7.93,0.14,0.69,-0.68,stairs
18400,3.39,-4.42,7.94,0.20,0.65,-0.70,stairs
18420,3.52,-4.44,7.96,0.18,0.63,-0.72,stairs
18440,3.55,-4.39,7.91,0.14,0.66,-0.71,stairs
18460,3.30,-4.35,7.92,0.05,0.70,-0.68,stairs
18480,3.07,-4.22,7.97,-0.05,0.73,-0.61,stairs
18500,3.02,-4.61,8.18,-0.17,0.71,-0.59,stairs
18520,3.16,-4.95,8.01,-0.16,0.68,-0.57,stairs
18540,3.02,-4.95,7.95,-0.14,0.67,-0.53,stairs
18560,2.56,-4.78,8.26,-0.19,0.67,-0.60,stairs
18580,2.49,-4.74,8.42,-0.26,0.62,-0.65,stairs
18600,2.50,-5.31,8.80,-0.22,0.60,-0.67,stairs
18620,2.45,-5.27,8.96,-0.19,0.59,-0.67,stairs
18640,2.07,-5.00,9.27,-0.14,0.59,-0.64,stairs
18660,1.91,-4.61,9.45,-0.10,0.57,-0.58,stairs
18680,2.06,-4.62,9.48,-0.10,0.54,-0.53,stairs
18700,2.08,-5.11,9.62,-0.02,0.52,-0.50,stairs
18720,1.99,-5.00,9.65,0.09,0.47,-0.44,stairs
18740,1.84,-4.74,9.69,0.14,0.43,-0.36,stairs
18760,1.92,-4.81,9.64,0.09,0.40,-0.34,stairs
18780,1.60,-5.10,9.98,0.09,0.37,-0.32,stairs
18800,1.20,-4.74,9.79,0.03,0.23,-0.26,stairs
18820,1.21,-4.83,9.83,-0.26,0.08,-0.20,stairs
18840,1.79,-6.19,10.16,-0.38,0.16,-0.13,stairs
18860,2.18,-7.16,10.34,-0.22,0.27,-0.03,stairs
18880,2.15,-6.41,10.04,0.03,0.31,-0.03,stairs
18900,2.04,-5.78,9.39,0.24,0.35,-0.12,stairs
18920,2.00,-5.53,8.66,0.37,0.46,-0.32,stairs
18940,1.70,-5.49,8.31,0.42,0.47,-0.46,stairs
18960,1.69,-5.55,8.11,0.44,0.41,-0.52,stairs
18980,1.69,-5.38,7.81,0.39,0.30,-0.50,stairs
19000,1.38,-5.70,7.87,0.36,0.30,-0.45,stairs
19020,1.06,-5.69,7.93,0.35,0.28,-0.37,stairs
19040,0.89,-5.39,7.80,0.32,0.24,-0.31,stairs
19060,1.12,-5.10,7.49,0.24,0.22,-0.32,stairs
19080,1.20,-5.09,7.34,0.16,0.24,-0.35,stairs
19100,1.02,-5.35,7.51,0.10,0.29,-0.40,stairs
19120,0.91,-5.43,7.67,0.05,0.34,-0.44,stairs
19140,0.88,-5.35,7.92,-0.01,0.33,-0.45,stairs
19160,0.93,-5.03,7.92,-0.03,0.32,-0.46,stairs
19180,0.96,-4.87,8.00,-0.06,0.29,-0.50,stairs
19200,0.81,-4.60,8.13,-0.06,0.29,-0.54,stairs
19220,0.72,-4.21,8.23,-0.09,0.26,-0.56,stairs
19240,0.82,-4.04,8.40,-0.15,0.23,-0.59,stairs
19260,0.92,-4.01,8.61,-0.20,0.23,-0.62,stairs
19280,1.06,-3.98,8.70,-0.21,0.22,-0.63,stairs
19300,1.05,-4.01,8.78,-0.22,0.23,-0.61,stairs
19320,0.91,-4.11,8.85,-0.26,0.23,-0.60,stairs
19340,0.97,-4.34,8.95,-0.31,0.22,-0.61,stairs
19360,1.08,-4.51,8.90,-0.28,0.25,-0.62,stairs
19380,1.29,-5.22,8.93,-0.21,0.29,-0.64,stairs
19400,1.00,-4.97,9.00,-0.11,0.31,-0.66,stairs
19420,0.96,-4.88,8.92,-0.08,0.28,-0.69,stairs
19440,1.19,-4.79,8.77,-0.10,0.27,-0.74,stairs
19460,1.26,-4.90,9.02,-0.13,0.26,-0.81,stairs
19480,1.16,-5.08,9.33,-0.07,0.26,-0.85,stairs
19500,1.07,-4.98,9.40,-0.03,0.24,-0.86,stairs
19520,0.96,-4.72,9.41,-0.04,0.23,-0.83,stairs
19540,1.02,-4.68,9.41,-0.13,0.18,-0.85,stairs
19560,1.22,-5.23,9.60,-0.19,0.18,-0.86,stairs
19580,1.22,-5.66,9.85,-0.06,0.20,-0.87,stairs
19600,1.11,-4.99,9.47,0.03,0.21,-0.83,stairs
19620,1.07,-4.61,9.50,-0.16,0.14,-0.86,stairs
19640,1.64,-5.15,9.56,-0.38,0.13,-0.93,stairs
19660,1.70,-6.05,9.57,-0.47,0.19,-0.89,stairs
19680,1.93,-7.32,9.88,-0.54,0.26,-0.81,stairs
19700,2.11,-7.78,9.79,-0.28,0.40,-0.66,stairs
19720,2.19,-6.71,8.88,-0.06,0.40,-0.54,stairs
19740,2.35,-5.79,8.13,-0.05,0.33,-0.61,stairs
19760,2.77,-5.75,7.74,-0.15,0.30,-0.85,stairs
19780,2.86,-5.78,7.86,-0.13,0.33,-1.02,stairs
19800,2.68,-5.55,7.92,-0.04,0.36,-0.98,stairs
19820,2.83,-5.47,7.85,-0.02,0.43,-0.84,stairs
19840,2.96,-5.88,7.96,-0.05,0.51,-0.66,stairs
19860,2.89,-6.52,8.23,-0.08,0.54,-0.53,stairs
19880,2.92,-6.11,7.94,-0.01,0.53,-0.43,stairs
19900,2.62,-4.90,7.48,-0.02,0.53,-0.33,stairs
19920,2.46,-4.67,7.53,-0.09,0.49,-0.31,stairs
19940,2.50,-4.56,7.55,-0.18,0.45,-0.37,stairs
19960,2.68,-4.94,8.05,-0.13,0.41,-0.46,stairs
19980,2.73,-4.60,8.24,-0.07,0.37,-0.50,stairs
20000,2.96,-4.62,8.33,-0.02,0.37,-0.50,stairs
20020,2.96,-4.26,8.32,0.02,0.37,-0.50,stairs
20040,3.14,-4.39,8.37,-0.07,0.32,-0.47,stairs
20060,3.16,-4.70,8.44,-0.09,0.30,-0.44,stairs
20080,3.17,-4.71,8.43,-0.10,0.31,-0.41,stairs
20100,3.17,-4.73,8.35,-0.09,0.33,-0.35,stairs
20120,3.03,-4.58,8.18,-0.13,0.34,-0.31,stairs
20140,2.99,-4.74,8.09,-0.21,0.35,-0.32,stairs
20160,2.91,-5.11,8.30,-0.27,0.40,-0.36,stairs
20180,2.58,-5.52,8.84,-0.19,0.45,-0.34,stairs
20200,2.42,-5.31,9.16,-0.12,0.45,-0.31,stairs
20220,2.34,-5.13,9.24,-0.07,0.45,-0.28,stairs
20240,2.20,-4.84,9.22,-0.07,0.47,-0.30,stairs
20260,2.15,-4.81,9.23,-0.06,0.49,-0.29,stairs
20280,2.00,-4.76,9.41,0.01,0.49,-0.23,stairs
20300,1.96,-4.64,9.46,0.04,0.47,-0.19,stairs
20320,1.77,-4.47,9.55,0.06,0.45,-0.16,stairs
20340,1.79,-4.64,9.61,0.06,0.42,-0.15,stairs
20360,1.79,-4.69,9.65,0.10,0.40,-0.12,stairs
20380,1.60,-4.86,9.87,0.15,0.37,-0.07,stairs
20400,1.48,-4.88,9.93,0.21,0.29,-0.02,stairs
20420,1.25,-4.07,9.31,0.12,0.17,0.05,stairs
20440,1.55,-4.92,9.06,-0.26,0.06,0.03,stairs
20460,2.54,-7.05,9.30,-0.43,0.08,-0.01,stairs
20480,2.78,-7.93,9.68,-0.20,0.16,0.05,stairs
20500,2.39,-6.63,9.44,0.17,0.22,0.08,stairs
20520,2.30,-5.49,8.44,0.31,0.17,0.04,stairs
20540,2.49,-5.29,7.75,0.23,0.12,-0.21,stairs
20560,2.06,-5.71,8.26,0.17,0.05,-0.43,stairs
20580,2.12,-5.85,8.30,0.15,-0.03,-0.51,stairs
20600,1.89,-5.63,8.20,0.17,-0.03,-0.43,stairs
20620,1.95,-5.85,8.20,0.16,0.03,-0.36,stairs
20640,1.70,-6.19,8.32,0.15,0.10,-0.29,stairs
20660,1.46,-6.26,8.10,0.20,0.15,-0.26,stairs
20680,1.43,-5.81,7.52,0.18,0.17,-0.26,stairs
20700,1.58,-5.76,7.18,0.04,0.22,-0.29,stairs
20720,1.49,-6.22,7.38,-0.10,0.29,-0.40,stairs
20740,1.31,-6.62,7.84,-0.15,0.36,-0.50,stairs
20760,0.97,-6.74,8.41,-0.08,0.40,-0.53,stairs
20780,0.96,-5.97,8.24,0.08,0.40,-0.52,stairs
20800,1.43,-5.57,8.19,0.06,0.37,-0.55,stairs
20820,1.48,-5.12,8.15,0.04,0.38,-0.63,stairs
20840,1.48,-4.91,8.22,-0.03,0.39,-0.70,stairs
20860,1.45,-4.87,8.33,-0.05,0.39,-0.70,stairs
20880,1.47,-4.97,8.33,-0.05,0.41,-0.68,stairs
20900,1.60,-4.89,8.16,-0.08,0.43,-0.67,stairs
20920,1.28,-4.63,8.10,-0.15,0.49,-0.67,stairs
20940,1.07,-4.86,8.22,-0.27,0.53,-0.70,stairs
20960,1.14,-5.53,8.36,-0.29,0.57,-0.69,stairs
20980,1.09,-5.73,8.60,-0.16,0.59,-0.65,stairs
21000,1.05,-5.22,8.42,-0.10,0.60,-0.66,stairs
21020,0.85,-4.96,8.44,-0.14,0.61,-0.70,stairs
21040,0.73,-4.92,8.53,-0.18,0.61,-0.76,stairs
21060,0.72,-5.13,8.59,-0.20,0.60,-0.78,stairs
21080,0.72,-5.36,8.60,-0.25,0.57,-0.78,stairs
21100,0.22,-5.10,9.10,-0.26,0.58,-0.78,stairs
21120,0.59,-4.99,8.84,-0.24,0.54,-0.74,stairs
21140,0.50,-4.81,8.95,-0.25,0.50,-0.68,stairs
21160,0.46,-4.71,9.04,-0.19,0.49,-0.60,stairs
21180,0.64,-4.69,9.04,-0.16,0.46,-0.57,stairs
21200,0.58,-4.64,9.08,-0.13,0.49,-0.57,stairs
21220,0.49,-4.74,9.08,-0.14,0.51,-0.59,stairs
21240,0.50,-4.74,9.08,-0.11,0.52,-0.56,stairs
21260,0.54,-4.78,9.14,-0.06,0.52,-0.55,stairs
21280,0.55,-4.82,9.20,-0.01,0.51,-0.56,stairs
21300,0.41,-4.61,9.29,0.03,0.51,-0.54,stairs
21320,0.45,-4.92,9.44,-0.00,0.49,-0.52,stairs
21340,0.49,-5.29,9.61,0.00,0.44,-0.50,stairs
21360,0.84,-6.30,9.71,0.11,0.43,-0.48,stairs
21380,0.58,-6.28,9.56,0.21,0.43,-0.40,stairs
21400,0.01,-6.14,9.52,0.12,0.42,-0.38,stairs
21420,0.07,-6.27,9.51,0.02,0.37,-0.35,stairs
21440,0.63,-6.97,9.66,-0.04,0.31,-0.36,stairs
21460,0.81,-7.00,9.57,0.01,0.25,-0.38,stairs
21480,0.76,-6.79,9.43,-0.08,0.17,-0.48,stairs
21500,0.65,-6.81,9.25,-0.25,0.07,-0.57,stairs
21520,0.77,-7.49,8.98,-0.36,-0.04,-0.58,stairs
21540,0.81,-7.93,8.89,-0.30,-0.04,-0.49,stairs
21560,0.92,-7.96,8.62,-0.16,-0.04,-0.34,stairs
21580,1.14,-7.51,7.86,-0.06,-0.04,-0.32,stairs
21600,1.23,-7.44,7.47,-0.13,-0.08,-0.41,stairs
21620,1.47,-7.85,7.37,-0.23,-0.09,-0.52,stairs
21640,1.75,-8.21,7.38,-0.20,-0.09,-0.53,stairs
21660,2.01,-8.10,7.17,-0.16,-0.09,-0.50,stairs
21680,1.93,-7.73,7.07,-0.10,-0.01,-0.42,stairs
21700,1.79,-7.24,6.92,-0.09,0.05,-0.38,stairs
21720,1.84,-6.80,6.76,-0.15,0.08,-0.39,stairs
21740,1.88,-6.92,7.12,-0.13,0.11,-0.40,stairs
21760,1.84,-6.77,7.29,0.01,0.08,-0.37,stairs
21780,1.84,-6.23,7.32,0.03,0.04,-0.35,stairs
21800,1.92,-5.81,7.35,0.02,0.04,-0.37,stairs
21820,1.96,-5.43,7.38,-0.03,0.03,-0.38,stairs
21840,2.06,-5.13,7.41,-0.11,0.04,-0.39,stairs
21860,2.30,-5.70,7.80,-0.12,0.09,-0.37,stairs
21880,2.05,-5.51,7.95,-0.07,0.11,-0.34,stairs
21900,2.07,-5.53,7.82,-0.10,0.12,-0.33,stairs
21920,2.10,-5.39,7.45,-0.15,0.16,-0.35,stairs
21940,2.28,-6.21,7.59,-0.19,0.21,-0.38,stairs
21960,1.95,-6.02,7.73,0.01,0.24,-0.32,stairs
21980,2.08,-5.88,7.49,0.01,0.23,-0.29,stairs
22000,2.09,-6.51,7.74,0.03,0.27,-0.33,stairs
22020,1.74,-6.09,7.80,0.25,0.32,-0.26,stairs
22040,1.77,-5.51,7.56,0.29,0.31,-0.21,stairs
22060,1.96,-5.06,7.39,0.26,0.31,-0.21,stairs
22080,2.18,-5.03,7.37,0.20,0.34,-0.23,stairs
22100,2.25,-5.52,7.58,0.11,0.30,-0.26,stairs
22120,1.78,-4.96,7.72,0.14,0.32,-0.21,stairs
22140,1.74,-4.88,7.64,0.09,0.32,-0.18,stairs
22160,1.73,-4.47,7.50,-0.01,0.30,-0.15,stairs
22180,1.83,-4.79,7.58,-0.12,0.28,-0.14,stairs
22200,1.79,-5.30,7.88,-0.16,0.33,-0.20,stairs
22220,1.72,-5.46,8.14,-0.13,0.34,-0.14,stairs
22240,1.78,-5.41,8.34,-0.14,0.29,-0.10,stairs
22260,1.96,-5.31,8.40,-0.17,0.27,-0.11,stairs
22280,2.08,-5.69,8.54,-0.19,0.24,-0.13,stairs
22300,1.87,-5.96,8.85,-0.13,0.23,-0.09,stairs
22320,1.63,-6.15,9.17,-0.14,0.18,-0.07,stairs
22340,1.59,-6.43,9.32,-0.10,0.19,0.00,stairs
22360,1.47,-6.46,9.35,-0.10,0.18,0.01,stairs
22380,1.52,-7.37,9.72,-0.01,0.20,-0.04,stairs
22400,1.14,-6.24,9.30,0.12,0.15,0.00,stairs
22420,1.37,-6.31,8.97,-0.08,0.08,0.01,stairs
22440,1.35,-6.93,8.94,-0.17,0.14,0.05,stairs
22460,1.19,-7.44,9.22,-0.20,0.07,0.17,stairs
22480,1.36,-7.62,9.17,-0.23,0.03,0.28,stairs
22500,1.20,-7.35,8.99,-0.29,0.11,0.33,stairs
22520,0.95,-7.52,9.08,-0.34,0.18,0.34,stairs
22540,0.89,-7.86,9.06,-0.28,0.15,0.32,stairs
22560,0.85,-7.83,8.75,-0.12,0.10,0.28,stairs
22580,0.66,-7.50,8.50,-0.04,0.06,0.20,stairs
22600,0.54,-7.18,8.16,-0.03,0.05,0.08,stairs
22620,0.34,-6.99,8.08,-0.00,0.06,-0.01,stairs
22640,0.06,-6.82,7.93,0.09,0.03,-0.05,stairs
22660,-0.11,-6.79,7.89,0.18,-0.02,-0.01,stairs
22680,-0.03,-6.21,7.30,0.21,-0.06,0.04,stairs
22700,-0.11,-5.97,7.15,0.15,-0.03,0.04,stairs
22720,-0.05,-6.15,6.94,0.11,-0.02,0.04,stairs
22740,-0.17,-6.11,6.91,0.11,-0.00,0.07,stairs
22760,-0.30,-6.32,6.98,0.16,0.00,0.11,stairs
22780,-0.35,-6.24,6.99,0.28,-0.02,0.15,stairs
22800,-0.28,-5.65,6.75,0.27,-0.05,0.16,stairs
22820,-0.18,-5.67,6.80,0.21,-0.05,0.12,stairs
22840,-0.08,-5.91,6.96,0.14,-0.07,0.09,stairs
22860,-0.23,-6.27,7.36,0.20,-0.06,0.10,stairs
22880,-0.12,-5.91,7.22,0.23,-0.10,0.13,stairs
22900,0.07,-5.52,7.14,0.19,-0.12,0.15,stairs
22920,0.06,-5.32,7.14,0.14,-0.10,0.14,stairs
22940,0.23,-5.58,7.22,0.03,-0.10,0.09,stairs
22960,0.00,-5.93,7.52,0.05,-0.09,0.10,stairs
22980,-0.06,-5.64,7.50,0.07,-0.14,0.14,stairs
23000,0.00,-5.58,7.53,0.04,-0.19,0.15,stairs
23020,0.08,-5.44,7.49,0.02,-0.18,0.15,stairs
23040,0.06,-5.46,7.52,-0.04,-0.17,0.14,stairs
23060,-0.11,-5.55,7.63,-0.09,-0.17,0.16,stairs
23080,0.04,-5.80,7.86,-0.14,-0.20,0.17,stairs
23100,0.35,-6.00,8.07,-0.06,-0.22,0.19,stairs
23120,0.31,-5.58,8.04,-0.02,-0.24,0.19,stairs
23140,0.13,-5.43,8.15,-0.04,-0.24,0.16,stairs
23160,0.31,-5.43,8.14,-0.08,-0.29,0.12,stairs
23180,0.97,-6.01,8.29,-0.00,-0.27,0.06,stairs
23200,0.71,-5.55,8.51,0.14,-0.20,0.05,stairs
23220,0.53,-5.48,8.49,0.06,-0.25,0.01,stairs
23240,0.47,-5.31,8.50,-0.01,-0.28,-0.01,stairs
23260,0.73,-5.25,8.36,-0.03,-0.23,-0.01,stairs
23280,0.78,-5.48,8.58,0.03,-0.17,0.01,stairs
23300,0.70,-5.44,8.48,0.08,-0.16,0.04,stairs
23320,0.62,-5.60,8.52,-0.02,-0.15,0.01,stairs
23340,0.76,-6.24,8.88,-0.04,-0.15,-0.02,stairs
23360,1.08,-5.89,8.79,0.03,-0.19,-0.00,stairs
23380,1.31,-6.20,9.00,0.01,-0.20,-0.03,stairs
23400,1.23,-6.25,8.98,0.07,-0.18,-0.09,stairs
23420,0.80,-6.26,8.81,-0.02,-0.20,-0.12,stairs
23440,1.11,-6.91,8.96,-0.04,-0.20,-0.13,stairs
23460,1.48,-7.28,8.98,-0.00,-0.20,-0.11,stairs
23480,1.33,-7.00,9.00,0.01,-0.16,-0.10,stairs
23500,1.55,-6.97,8.96,-0.05,-0.17,-0.14,stairs
23520,1.71,-6.98,8.93,-0.06,-0.18,-0.15,stairs
23540,1.97,-6.95,8.60,-0.13,-0.21,-0.18,stairs
23560,1.96,-7.12,8.56,-0.28,-0.19,-0.25,stairs
23580,1.85,-7.45,8.60,-0.37,-0.16,-0.27,stairs
23600,2.01,-8.00,8.51,-0.37,-0.12,-0.22,stairs
23620,1.90,-8.03,8.41,-0.24,-0.03,-0.15,stairs
23640,2.24,-8.15,8.03,-0.17,0.00,-0.12,stairs
23660,2.35,-7.96,7.66,-0.13,0.01,-0.16,stairs
23680,2.33,-7.86,7.46,-0.12,0.02,-0.29,stairs
23700,2.31,-7.66,7.28,-0.04,0.05,-0.35,stairs
23720,2.42,-7.61,7.24,0.03,0.03,-0.37,stairs
23740,2.50,-7.36,7.19,0.09,0.03,-0.36,stairs
23760,2.57,-7.07,7.08,0.12,0.04,-0.36,stairs
23780,2.51,-6.56,6.90,0.14,0.07,-0.36,stairs
23800,2.45,-6.27,6.85,0.17,0.11,-0.32,stairs
23820,2.41,-5.93,6.79,0.20,0.13,-0.27,stairs
23840,2.51,-5.59,6.73,0.18,0.12,-0.23,stairs
23860,2.60,-5.32,6.75,0.16,0.12,-0.23,stairs
23880,2.58,-5.20,6.68,0.12,0.14,-0.28,stairs
23900,2.49,-5.38,7.08,0.18,0.18,-0.28,stairs
23920,2.50,-5.13,7.05,0.21,0.23,-0.29,stairs
23940,2.54,-4.92,7.05,0.19,0.26,-0.28,stairs
23960,2.54,-5.40,7.36,0.17,0.30,-0.29,stairs
23980,2.38,-5.36,7.39,0.13,0.30,-0.28,stairs
24000,2.26,-5.47,7.41,0.07,0.29,-0.23,stairs
24020,2.28,-5.93,7.61,0.05,0.31,-0.20,stairs
24040,2.03,-5.57,7.73,0.13,0.33,-0.18,stairs
24060,2.09,-5.27,7.52,0.11,0.31,-0.18,stairs
24080,2.00,-5.22,7.60,0.05,0.32,-0.21,stairs
24100,1.97,-5.64,7.97,0.08,0.34,-0.21,stairs
24120,1.85,-5.42,7.97,0.09,0.31,-0.18,stairs
24140,1.86,-5.27,8.06,0.07,0.29,-0.15,stairs
24160,1.93,-5.08,7.99,0.08,0.30,-0.11,stairs
24180,1.79,-4.84,8.04,0.06,0.30,-0.05,stairs
24200,1.68,-5.07,8.17,-0.03,0.30,-0.04,stairs
24220,1.72,-5.42,8.46,-0.07,0.31,-0.03,stairs
24240,1.69,-5.49,8.61,-0.01,0.27,0.01,stairs
24260,1.57,-5.24,8.66,0.00,0.27,0.09,stairs
24280,1.62,-5.44,8.67,-0.04,0.27,0.09,stairs
24300,1.56,-5.81,8.79,-0.07,0.27,0.12,stairs
24320,1.44,-6.43,9.14,-0.05,0.26,0.15,stairs
24340,1.34,-7.03,9.55,0.06,0.25,0.21,stairs
24360,1.22,-6.88,9.69,0.15,0.21,0.26,stairs
24380,1.07,-6.12,9.15,0.19,0.16,0.29,stairs
24400,1.18,-6.37,8.92,0.02,0.14,0.22,stairs
24420,1.38,-7.25,9.01,-0.09,0.10,0.20,stairs
24440,1.19,-7.62,9.27,-0.13,0.07,0.31,stairs
24460,1.13,-7.75,9.36,-0.23,0.06,0.39,stairs
24480,1.27,-7.84,9.17,-0.41,0.08,0.43,stairs
24500,1.11,-8.40,9.27,-0.44,0.11,0.42,stairs
24520,0.96,-9.09,9.16,-0.28,0.11,0.37,stairs
24540,0.62,-8.23,8.70,-0.06,0.03,0.33,stairs
24560,0.62,-7.77,8.24,0.03,0.00,0.21,stairs
24580,0.39,-7.41,8.04,0.13,0.05,0.08,stairs
24600,0.07,-7.19,7.86,0.19,0.04,0.03,stairs
24620,-0.08,-6.96,7.66,0.20,-0.02,0.03,stairs
24640,-0.14,-6.72,7.36,0.15,-0.03,0.04,stairs
24660,-0.19,-6.38,7.02,0.08,-0.03,0.08,stairs
24680,-0.15,-6.49,6.90,-0.07,-0.09,0.09,stairs
24700,0.17,-6.67,6.69,0.02,-0.12,0.14,stairs
24720,-0.24,-6.19,6.88,0.21,-0.13,0.27,stairs
24740,0.15,-6.00,6.51,0.31,-0.17,0.26,stairs
24760,-0.02,-5.25,6.50,0.25,-0.14,0.15,stairs
24780,0.18,-5.59,6.66,0.23,-0.14,0.06,stairs
24800,0.08,-5.63,6.82,0.33,-0.14,0.07,stairs
24820,0.13,-5.37,6.81,0.32,-0.12,0.08,stairs
24840,0.22,-5.28,6.85,0.29,-0.09,0.07,stairs
24860,0.28,-5.17,6.90,0.22,-0.06,0.06,stairs
24880,0.13,-5.46,7.25,0.23,-0.07,0.09,stairs
24900,0.16,-5.21,7.12,0.27,-0.12,0.05,stairs
24920,0.16,-4.74,7.07,0.21,-0.11,0.06,stairs
24940,0.06,-4.78,7.28,0.14,-0.07,0.04,stairs
24960,0.20,-5.07,7.68,0.11,-0.08,-0.01,stairs
24980,0.25,-5.17,7.87,0.14,-0.10,-0.03,stairs
25000,0.08,-5.19,8.01,0.12,-0.12,-0.03,stairs
25020,-0.08,-5.03,8.05,0.06,-0.17,-0.00,stairs
25040,0.09,-4.90,8.04,-0.04,-0.21,-0.01,stairs
25060,0.34,-5.20,8.15,-0.09,-0.24,-0.02,stairs
25080,0.34,-5.09,8.15,-0.05,-0.26,0.02,stairs
25100,0.49,-5.09,8.21,-0.10,-0.28,0.01,stairs
25120,0.67,-5.02,8.28,-0.13,-0.26,-0.03,stairs
25140,0.76,-4.93,8.33,-0.17,-0.22,-0.04,stairs
25160,0.67,-5.29,8.63,-0.20,-0.16,-0.06,stairs
25180,0.52,-5.69,8.95,-0.10,-0.13,-0.04,stairs
25200,0.62,-5.38,8.91,-0.06,-0.14,-0.00,stairs
25220,0.69,-5.46,9.09,-0.07,-0.11,-0.03,stairs
25240,0.74,-5.45,9.16,-0.06,-0.10,-0.08,stairs
25260,0.71,-5.61,9.21,-0.08,-0.12,-0.12,stairs
25280,0.57,-5.88,9.49,-0.05,-0.14,-0.12,stairs
25300,0.75,-6.36,9.80,0.01,-0.18,-0.09,stairs
25320,1.22,-7.13,10.02,0.03,-0.20,-0.09,stairs
25340,0.73,-6.46,9.44,0.05,-0.17,-0.06,stairs
25360,0.63,-6.95,9.31,-0.21,-0.18,-0.12,stairs
25380,1.17,-8.42,9.55,-0.24,-0.17,-0.11,stairs
25400,1.30,-8.37,9.26,-0.19,-0.19,-0.02,stairs
25420,1.73,-8.58,9.21,-0.27,-0.22,-0.04,stairs
25440,2.34,-8.34,8.78,-0.34,-0.24,-0.15,stairs
25460,2.39,-7.89,8.35,-0.31,-0.22,-0.23,stairs
25480,2.35,-7.80,8.19,-0.25,-0.23,-0.35,stairs
25500,2.45,-7.51,7.71,-0.18,-0.25,-0.46,stairs
25520,2.45,-7.12,7.21,-0.20,-0.26,-0.52,stairs
25540,2.56,-7.06,6.84,-0.20,-0.22,-0.53,stairs
25560,2.62,-7.02,6.55,-0.18,-0.12,-0.46,stairs
25580,2.55,-7.29,6.73,-0.10,-0.03,-0.35,stairs
25600,2.39,-7.23,7.01,0.07,0.04,-0.25,stairs
25620,2.18,-6.62,7.01,0.19,0.07,-0.17,stairs
25640,2.08,-6.05,6.93,0.19,0.08,-0.16,stairs
25660,2.20,-5.81,6.83,0.16,0.08,-0.19,stairs
25680,2.35,-5.82,6.80,0.15,0.08,-0.24,stairs
25700,2.34,-5.89,6.87,0.17,0.10,-0.27,stairs
25720,2.21,-5.83,6.89,0.22,0.11,-0.24,stairs
25740,2.15,-5.68,6.77,0.26,0.16,-0.19,stairs
25760,2.11,-5.59,6.80,0.24,0.21,-0.14,stairs
25780,2.17,-5.50,6.78,0.22,0.22,-0.10,stairs
25800,2.25,-5.62,6.80,0.18,0.25,-0.09,stairs
25820,2.17,-5.99,7.01,0.15,0.27,-0.08,stairs
25840,1.89,-5.79,7.25,0.17,0.30,-0.04,stairs
25860,1.92,-5.67,7.31,0.13,0.30,-0.01,stairs
25880,1.99,-5.61,7.45,0.12,0.31,0.02,stairs
25900,2.09,-5.82,7.66,0.13,0.30,-0.00,stairs
25920,1.92,-5.50,7.66,0.17,0.28,0.00,stairs
25940,1.83,-5.32,7.65,0.13,0.26,0.00,stairs
25960,1.88,-5.41,7.66,0.08,0.24,0.00,stairs
25980,1.88,-5.53,7.80,0.05,0.22,-0.01,stairs
26000,1.87,-5.67,8.03,0.08,0.19,0.04,stairs
26020,1.89,-5.39,7.90,0.04,0.13,0.09,stairs
26040,1.96,-5.41,7.76,-0.05,0.13,0.08,stairs
26060,1.99,-5.55,7.84,-0.10,0.14,0.06,stairs
26080,1.98,-5.43,7.86,-0.10,0.13,0.05,stairs
26100,1.94,-5.47,7.91,-0.11,0.14,0.04,stairs
26120,1.82,-5.60,8.05,-0.07,0.15,0.03,stairs
26140,1.69,-5.46,8.02,-0.07,0.15,0.05,stairs
26160,1.62,-5.69,8.16,-0.10,0.14,0.08,stairs
26180,1.64,-6.08,8.33,-0.09,0.11,0.11,stairs
26200,1.50,-6.39,8.58,-0.08,0.10,0.16,stairs
26220,1.29,-6.45,8.73,-0.11,0.11,0.21,stairs
26240,1.20,-6.72,9.03,-0.11,0.14,0.23,stairs
26260,1.07,-7.31,9.15,-0.12,0.14,0.24,stairs
26280,0.72,-7.17,9.14,0.02,0.11,0.32,stairs
26300,0.74,-6.97,8.97,-0.12,0.06,0.32,stairs
26320,0.90,-7.63,9.22,-0.20,0.09,0.30,stairs
26340,0.90,-8.00,9.22,-0.27,0.06,0.34,stairs
26360,0.92,-8.21,9.28,-0.31,0.00,0.37,stairs
26380,0.86,-8.04,9.00,-0.39,-0.02,0.39,stairs
26400,0.65,-8.35,8.99,-0.42,-0.03,0.39,stairs
26420,0.72,-8.44,8.66,-0.34,-0.04,0.37,stairs
26440,0.68,-8.29,8.28,-0.18,-0.06,0.33,stairs
26460,0.34,-7.96,8.11,-0.04,-0.05,0.27,stairs
26480,0.50,-7.86,7.74,0.07,-0.05,0.21,stairs
26500,0.26,-7.82,7.62,0.19,-0.04,0.20,stairs
26520,0.21,-7.58,7.47,0.24,-0.05,0.17,stairs
26540,0.26,-7.30,7.32,0.28,-0.06,0.17,stairs
26560,0.19,-7.01,7.23,0.30,-0.08,0.17,stairs
26580,0.15,-6.58,7.12,0.35,-0.10,0.16,stairs
26600,0.15,-5.98,6.88,0.36,-0.15,0.14,stairs
26620,0.26,-5.62,6.58,0.34,-0.20,0.09,stairs
26640,0.11,-5.73,6.79,0.36,-0.20,0.04,stairs
26660,0.08,-5.70,6.85,0.38,-0.22,0.05,stairs
26680,0.31,-5.65,6.82,0.39,-0.21,0.09,stairs
26700,0.38,-5.36,6.73,0.34,-0.20,0.07,stairs
26720,0.48,-5.39,6.73,0.26,-0.19,0.03,stairs
26740,0.43,-5.64,6.90,0.26,-0.16,0.01,stairs
26760,0.46,-5.54,7.02,0.26,-0.16,0.00,stairs
26780,0.67,-5.49,6.88,0.18,-0.18,-0.02,stairs
26800,0.18,-5.22,7.26,0.15,-0.16,-0.07,stairs
26820,0.34,-5.57,7.31,0.15,-0.15,-0.08,stairs
26840,0.31,-5.70,7.47,0.15,-0.17,-0.04,stairs
26860,0.23,-5.70,7.62,0.15,-0.18,-0.04,stairs
26880,0.20,-5.47,7.60,0.10,-0.20,-0.04,stairs
26900,0.43,-5.32,7.49,-0.01,-0.26,-0.04,stairs
26920,0.19,-5.30,7.87,-0.05,-0.27,-0.04,stairs
26940,0.28,-5.47,7.92,0.00,-0.24,-0.01,stairs
26960,0.34,-5.39,8.09,0.05,-0.24,0.06,stairs
26980,0.57,-5.22,8.11,0.02,-0.25,0.08,stairs
27000,0.57,-5.17,8.21,-0.03,-0.25,0.04,stairs
27020,0.58,-5.31,8.36,-0.07,-0.26,0.03,stairs
27040,0.59,-5.57,8.55,-0.06,-0.27,0.05,stairs
27060,0.73,-5.48,8.59,-0.05,-0.29,0.08,stairs
27080,0.94,-5.54,8.66,-0.07,-0.28,0.06,stairs
27100,1.07,-5.66,8.68,-0.10,-0.25,0.02,stairs
27120,0.99,-6.10,9.03,-0.09,-0.20,0.01,stairs
27140,1.18,-6.44,9.26,-0.04,-0.21,0.05,stairs
27160,1.45,-6.74,9.34,0.07,-0.21,0.07,stairs
27180,1.25,-6.55,9.24,0.23,-0.15,0.04,stairs
27200,1.16,-6.45,8.82,0.13,-0.17,-0.07,stairs
27220,1.45,-7.05,9.02,0.03,-0.18,-0.17,stairs
27240,1.95,-7.45,8.97,0.03,-0.16,-0.13,stairs
27260,1.65,-7.22,9.25,0.02,-0.16,-0.10,stairs
27280,2.02,-7.08,9.00,-0.06,-0.20,-0.15,stairs
27300,2.12,-6.94,8.80,-0.15,-0.23,-0.22,stairs
27320,2.19,-6.92,8.49,-0.18,-0.23,-0.29,stairs
27340,2.37,-7.12,8.18,-0.39,-0.27,-0.33,stairs
27360,2.17,-7.47,8.40,-0.38,-0.19,-0.27,stairs
27380,2.53,-8.19,8.22,-0.30,-0.11,-0.21,stairs
27400,2.44,-8.15,8.08,-0.21,-0.07,-0.18,stairs
27420,2.54,-7.80,7.64,-0.11,-0.04,-0.20,stairs
27440,2.63,-7.74,7.30,-0.08,0.00,-0.30,stairs
27460,2.84,-7.65,6.96,-0.03,0.05,-0.39,stairs
27480,2.89,-7.60,6.86,0.04,0.10,-0.38,stairs
27500,2.95,-7.30,6.70,0.06,0.11,-0.36,stairs
27520,2.76,-7.03,6.74,0.14,0.13,-0.30,stairs
27540,2.69,-6.25,6.53,0.18,0.15,-0.25,stairs
27560,2.60,-5.88,6.44,0.13,0.17,-0.23,stairs
27580,2.49,-5.52,6.39,0.07,0.17,-0.24,stairs
27600,2.48,-5.78,6.61,0.04,0.16,-0.25,stairs
27620,2.34,-5.48,6.81,0.11,0.18,-0.21,stairs
27640,2.30,-5.30,6.80,0.08,0.18,-0.18,stairs
27660,2.67,-5.42,6.77,0.01,0.17,-0.20,stairs
27680,2.70,-5.64,6.96,0.10,0.21,-0.19,stairs
27700,2.45,-5.18,6.89,0.09,0.22,-0.18,stairs
27720,2.30,-5.31,6.99,0.03,0.25,-0.18,stairs
27740,2.46,-5.90,7.21,-0.04,0.25,-0.22,stairs
27760,2.35,-6.29,7.62,0.08,0.28,-0.15,stairs
27780,2.16,-5.93,7.63,0.10,0.26,-0.09,stairs
27800,2.10,-5.57,7.51,0.10,0.26,-0.09,stairs
27820,2.19,-5.54,7.43,0.08,0.29,-0.15,stairs
27840,2.19,-5.56,7.60,0.09,0.31,-0.16,stairs
27860,2.17,-5.60,7.69,0.06,0.29,-0.15,stairs
27880,2.15,-5.63,7.75,0.04,0.28,-0.11,stairs
27900,2.16,-5.39,7.79,0.05,0.28,-0.07,stairs
27920,2.15,-5.14,7.61,0.03,0.27,-0.03,stairs
27940,2.22,-5.15,7.61,-0.04,0.26,-0.05,stairs
27960,2.27,-5.51,7.80,-0.04,0.25,-0.06,stairs
27980,2.15,-5.37,7.81,-0.03,0.23,-0.02,stairs
28000,2.01,-5.56,7.99,-0.07,0.25,-0.01,stairs
28020,1.98,-5.51,8.07,-0.11,0.23,-0.02,stairs
28040,1.98,-5.71,8.20,-0.14,0.22,-0.01,stairs
28060,1.96,-6.07,8.42,-0.10,0.20,0.02,stairs
28080,1.80,-6.07,8.54,-0.05,0.20,0.06,stairs
28100,1.62,-6.16,8.71,-0.07,0.24,0.08,stairs
28120,1.55,-6.57,8.75,-0.11,0.27,0.11,stairs
28140,1.41,-7.35,9.16,-0.04,0.27,0.18,stairs
28160,1.04,-6.69,8.86,0.09,0.23,0.30,stairs
28180,0.94,-6.56,8.55,-0.15,0.15,0.31,stairs
28200,1.31,-7.46,8.59,-0.35,0.16,0.27,stairs
28220,1.25,-8.46,8.78,-0.50,0.10,0.31,stairs
28240,1.21,-9.08,8.93,-0.56,0.03,0.39,stairs
28260,1.01,-8.95,8.95,-0.65,-0.08,0.45,stairs
28280,0.89,-8.74,8.87,-0.59,-0.07,0.41,stairs
28300,0.81,-8.60,8.65,-0.47,-0.02,0.30,stairs
28320,0.86,-8.51,8.40,-0.26,0.02,0.21,stairs
28340,0.83,-8.17,8.07,-0.05,0.06,0.13,stairs
28360,0.63,-7.93,7.74,0.10,0.09,0.06,stairs
28380,0.46,-7.65,7.60,0.17,0.11,0.02,stairs
28400,0.37,-7.63,7.58,0.26,0.14,0.07,stairs
28420,0.29,-7.51,7.46,0.33,0.13,0.15,stairs
28440,0.24,-7.25,7.16,0.33,0.08,0.23,stairs
28460,0.20,-6.87,6.86,0.38,0.03,0.24,stairs
28480,0.05,-6.26,6.56,0.39,0.00,0.20,stairs
28500,-0.08,-6.04,6.44,0.36,-0.02,0.13,stairs
28520,-0.00,-6.22,6.55,0.31,-0.03,0.04,stairs
28540,-0.04,-6.81,6.92,0.44,-0.08,0.04,stairs
28560,0.11,-5.81,6.52,0.54,-0.12,0.14,stairs
28580,0.11,-5.34,6.37,0.49,-0.14,0.12,stairs
28600,0.17,-5.05,6.33,0.40,-0.12,0.04,stairs
28620,0.20,-5.13,6.51,0.29,-0.14,0.03,stairs
28640,0.19,-5.34,6.77,0.24,-0.17,0.03,stairs
28660,0.35,-5.46,6.95,0.22,-0.22,0.06,stairs
28680,0.25,-5.25,7.02,0.13,-0.24,0.07,stairs
28700,0.24,-5.29,7.11,0.06,-0.26,0.09,stairs
28720,0.33,-5.33,7.13,0.00,-0.28,0.09,stairs
28740,0.40,-5.38,7.29,-0.03,-0.28,0.06,stairs
28760,0.63,-5.70,7.54,-0.05,-0.28,0.00,stairs
28780,0.52,-5.84,7.80,0.04,-0.26,0.01,stairs
28800,0.37,-5.68,7.89,0.08,-0.25,0.07,stairs
28820,0.39,-5.52,7.89,0.07,-0.24,0.10,stairs
28840,0.65,-5.40,7.81,0.03,-0.23,0.06,stairs
28860,0.60,-5.45,7.99,-0.02,-0.21,0.02,stairs
28880,0.55,-5.63,8.16,-0.05,-0.18,-0.00,stairs
28900,0.57,-5.66,8.17,-0.07,-0.19,0.03,stairs
28920,0.80,-5.61,8.34,0.00,-0.18,0.08,stairs
28940,0.90,-5.37,8.31,-0.03,-0.19,0.07,stairs
28960,0.89,-5.51,8.47,-0.04,-0.16,0.01,stairs
28980,0.99,-5.88,8.59,-0.02,-0.16,-0.02,stairs
29000,0.82,-5.87,8.71,0.04,-0.15,0.03,stairs
29020,0.96,-6.06,8.84,0.10,-0.14,0.05,stairs
29040,1.14,-6.51,9.12,0.11,-0.15,0.03,stairs
29060,1.14,-6.37,9.30,0.15,-0.16,0.00,stairs
29080,1.20,-6.65,9.41,0.16,-0.16,-0.06,stairs
29100,1.10,-6.36,8.82,0.19,-0.14,-0.08,stairs
29120,1.07,-6.71,8.68,0.04,-0.15,-0.15,stairs
29140,1.46,-7.91,8.82,-0.05,-0.12,-0.15,stairs
29160,1.50,-8.42,9.15,-0.04,-0.11,-0.06,stairs
29180,1.54,-8.10,8.95,0.00,-0.14,-0.01,stairs
29200,1.98,-7.53,8.58,-0.12,-0.21,-0.11,stairs
29220,2.32,-7.52,8.33,-0.31,-0.26,-0.29,stairs
29240,2.23,-7.90,8.51,-0.37,-0.24,-0.42,stairs
29260,2.21,-8.08,8.42,-0.31,-0.21,-0.41,stairs
29280,2.41,-8.20,8.28,-0.23,-0.17,-0.38,stairs
29300,2.47,-8.00,8.11,-0.15,-0.08,-0.36,stairs
29320,2.17,-7.97,8.06,-0.04,0.04,-0.37,stairs
29340,2.18,-7.98,7.72,0.02,0.05,-0.32,stairs
29360,2.34,-7.82,7.39,0.07,0.04,-0.27,stairs
29380,2.58,-7.45,7.07,0.09,0.05,-0.27,stairs
29400,2.58,-6.96,6.87,0.10,0.07,-0.31,stairs
29420,2.39,-6.75,6.92,0.18,0.12,-0.33,stairs
29440,2.25,-6.30,6.76,0.30,0.17,-0.31,stairs
29460,2.19,-5.79,6.60,0.36,0.19,-0.31,stairs
29480,2.18,-5.44,6.40,0.36,0.18,-0.32,stairs
29500,2.30,-5.22,6.35,0.33,0.17,-0.33,stairs
29520,2.20,-4.97,6.35,0.27,0.18,-0.32,stairs
29540,2.12,-4.93,6.44,0.21,0.22,-0.28,stairs
29560,2.21,-4.94,6.48,0.12,0.21,-0.25,stairs
29580,2.25,-5.04,6.51,0.06,0.20,-0.22,stairs
29600,2.21,-4.98,6.62,0.08,0.21,-0.20,stairs
29620,2.17,-5.28,6.84,0.01,0.19,-0.19,stairs
29640,2.27,-5.63,7.08,-0.04,0.20,-0.18,stairs
29660,2.23,-5.77,7.44,-0.01,0.24,-0.16,stairs
29680,2.33,-5.79,7.58,-0.02,0.24,-0.15,stairs
29700,2.31,-5.85,7.76,0.01,0.25,-0.15,stairs
29720,2.28,-5.80,7.76,0.05,0.27,-0.16,stairs
29740,2.25,-5.67,7.83,0.04,0.28,-0.19,stairs
29760,2.35,-5.84,8.00,0.03,0.29,-0.20,stairs
29780,2.31,-5.80,8.13,0.09,0.31,-0.18,stairs
29800,2.16,-5.47,8.14,0.09,0.30,-0.16,stairs
29820,2.10,-5.19,7.97,0.05,0.28,-0.16,stairs
29840,2.21,-5.31,7.98,0.00,0.28,-0.17,stairs
29860,2.17,-5.38,8.14,0.01,0.27,-0.15,stairs
29880,2.11,-5.41,8.20,0.02,0.25,-0.11,stairs
29900,2.06,-5.27,8.19,0.03,0.24,-0.09,stairs
29920,2.04,-4.92,8.08,0.01,0.25,-0.09,stairs
29940,1.97,-5.01,8.17,-0.04,0.26,-0.10,stairs
29960,1.83,-5.57,8.43,-0.06,0.27,-0.09,stairs
29980,1.68,-5.77,8.54,-0.04,0.26,-0.01,stairs
30000,1.47,-5.95,8.72,-0.05,0.24,0.07,stairs
30020,1.48,-5.83,8.70,-0.10,0.22,0.11,stairs
30040,1.33,-6.26,9.03,-0.17,0.21,0.10,stairs
30060,1.34,-7.37,9.34,-0.14,0.13,0.08,stairs
30080,1.17,-6.41,8.46,-0.09,0.08,0.13,stairs
30100,1.33,-6.67,8.45,-0.42,0.11,0.05,stairs
30120,1.80,-7.58,8.52,-0.68,0.15,0.03,stairs
30140,1.70,-8.73,9.19,-0.72,0.17,0.22,stairs
30160,1.46,-8.77,9.35,-0.69,0.16,0.38,stairs
30180,1.38,-8.96,9.59,-0.69,0.20,0.47,stairs
30200,1.16,-9.08,9.54,-0.51,0.29,0.44,stairs
30220,1.14,-8.84,9.02,-0.32,0.26,0.40,stairs
30240,1.09,-8.59,8.54,-0.14,0.20,0.30,stairs
30260,0.88,-8.10,8.02,-0.03,0.17,0.14,stairs
30280,0.50,-8.07,7.86,0.05,0.15,0.02,stairs
30300,0.20,-7.81,7.60,0.18,0.14,-0.00,stairs
30320,-0.01,-7.69,7.44,0.32,0.08,0.08,stairs
30340,0.02,-7.20,6.88,0.38,-0.02,0.14,stairs
30360,0.16,-6.75,6.53,0.30,-0.12,0.14,stairs
30380,0.17,-6.31,6.27,0.22,-0.19,0.08,stairs
30400,0.20,-6.26,6.25,0.17,-0.21,0.03,stairs
30420,-0.25,-6.15,6.73,0.32,-0.16,0.03,stairs
30440,-0.25,-5.61,6.54,0.45,-0.18,0.06,stairs
30460,-0.06,-5.19,6.41,0.45,-0.17,0.05,stairs
30480,0.02,-5.25,6.51,0.37,-0.14,-0.01,stairs
30500,0.11,-5.44,6.66,0.29,-0.17,-0.02,stairs
30520,0.13,-5.42,6.71,0.31,-0.19,0.03,stairs
30540,0.31,-5.37,6.61,0.29,-0.17,0.09,stairs
30560,0.44,-5.15,6.60,0.22,-0.14,0.13,stairs
30580,0.51,-5.17,6.73,0.07,-0.13,0.09,stairs
30600,0.49,-5.46,6.94,-0.04,-0.14,0.06,stairs
30620,0.46,-5.70,7.16,-0.05,-0.16,0.05,stairs
30640,0.51,-6.01,7.37,0.01,-0.17,0.10,stairs
30660,0.63,-5.85,7.37,0.01,-0.16,0.11,stairs
30680,0.55,-5.80,7.51,-0.01,-0.13,0.07,stairs
30700,0.51,-5.61,7.51,-0.03,-0.09,0.05,stairs
30720,0.43,-5.64,7.65,-0.07,-0.08,0.02,stairs
30740,0.35,-6.41,8.01,-0.02,-0.07,0.02,stairs
30760,0.30,-5.75,7.94,0.06,-0.06,0.09,stairs
30780,0.39,-5.57,7.97,0.02,-0.07,0.10,stairs
30800,0.40,-5.48,7.99,-0.06,-0.08,0.09,stairs
30820,0.40,-5.56,8.12,-0.09,-0.09,0.09,stairs
30840,0.30,-5.94,8.39,-0.11,-0.10,0.07,stairs
30860,0.34,-5.63,8.39,-0.04,-0.07,0.07,stairs
30880,0.76,-5.48,8.09,-0.11,-0.12,0.05,stairs
30900,0.71,-5.65,8.36,-0.18,-0.11,-0.02,stairs
30920,0.76,-6.17,8.57,-0.17,-0.13,-0.09,stairs
30940,0.75,-6.33,8.72,-0.05,-0.22,-0.03,stairs
30960,0.79,-5.94,8.45,0.06,-0.19,-0.04,stairs
30980,0.89,-5.84,8.39,0.06,-0.17,-0.10,stairs
31000,1.11,-5.88,8.36,-0.00,-0.15,-0.17,stairs
